country_name,year,agricultural_raw_materials_exports_pct,birth_rate_crude,debt_service_ppg_imf_pct_exports,exports_goods_services_current_usd,exports_to_china,external_debt_stocks_pct_gni,food_exports_pct,fuel_exports_pct,gdp_current_usd,gdp_growth_annual_pct,gdp_per_capita_current_usd,imports_from_china,imports_goods_services_current_usd,labor_force_participation_rate,ores_metals_exports_pct,population_growth_annual_pct,population_total,port_container_throughput,realised_fdi_from_china,log_gdp_current_usd,log_population_total,log_gdp_per_capita_current_usd,log_port_container_throughput,exports_to_china_usd,imports_from_china_usd,china_export_share,china_import_share,china_total_trade_share,china_trade_balance_ratio,development_index,market_size_index,growth_demographic_index,debt_vulnerability_index,commodity_export_index,china_exposure_index_no_teu,china_exposure_index_with_teu
Cambodia,2013,3.552546195,24.56,1.115847462,10537592348.0,36363.5,40.14210513,5.840878799,0.000907739,19807135253.0,7.857499755,1305.660097,340950.7,12470204824.0,80.219,0.24245729,1.49510213,15170208.0,286450.0,2251.0,23.709308076043687,16.534844062502962,7.1744640133281825,12.565319279836723,363635000.0,3409507000.0,0.03450835712666534,0.27341226933483126,0.1639940569622125,-0.8072508270295684,-2.0178530768477168,-1.3115928720317185,1.5116744883952222,-0.4817218444297648,-0.8480416290782549,-0.8320827831860066,-2.275867889794056
Cambodia,2014,3.787027078,24.403,1.092716497,11979344824.0,48291.4653,39.41284306,5.267180557,3.21e-07,22041463968.0,8.000320746,1431.563965,327473.7955,14105741942.0,80.293,0.259411641,1.482437252,15396772.0,330000.0,312.0,23.81619124225569,16.54966843502292,7.266522807437883,12.706847933442663,482914653.00000006,3274737955.0,0.04031227584604673,0.23215637776907233,0.14405367487210452,-0.7429700382776843,-1.8476079559914336,-1.2649770256769497,1.5253385824992565,-0.49913279586244264,-0.8306937405392029,-1.0952132641189931,-2.3419238858946847
Cambodia,2015,2.131684022,24.218,1.00178003,13291033923.0,66659.5,40.72301425,4.769863159,2.94e-05,24174170369.0,7.207034725,1547.320104,376339.1,15527540570.0,79.603,0.124488904,1.46023763,15623251.0,392000.0,1000.0,23.90855055997198,16.56427081132144,7.34427974836669,12.8790171187726,666595000.0,3763391000.0,0.0501537355078497,0.2423687758556602,0.15371981709491003,-0.6990532249989052,-1.7038113754054978,-1.2238722354553129,1.3690064197494314,-0.47981077018156276,-1.1841095285239316,-0.9676091436534493,-2.171928591850327
Cambodia,2016,2.039285631,23.956,1.268513922,14305832075.0,83051.3,39.45395846,4.508955391,0.007714306,26556545153.0,7.905501161,1675.195557,393015.5,16549913895.0,81.735,0.127397851,1.458607676,15852803.0,400187.0,,24.002542076023104,16.57885688807812,7.423685187892125,12.89968721684604,830513000.0,3930155000.0,0.05805415551125851,0.23747283671290664,0.15428789194170306,-0.6510939221134513,-1.556966212166177,-1.1821670567950213,1.5685907720288677,-0.48240249080861053,-1.2150415970019903,-0.958890345319685,-2.141205775358523
Cambodia,2017,2.859660611,23.655,1.304566666,15831866523.0,100758.2,40.52473724,4.777133392,5.14e-06,29355665910.0,8.075039155,1826.353917,478319.8,18246676110.0,81.409,0.281044133,1.381765961,16073372.0,459835.0,1505.0,24.10275141092678,16.59267454768711,7.51007686329411,13.03862300846643,1007582000.0,4783198000.0,0.06364265379171931,0.2621407850484392,0.16992452002312125,-0.6520047385671706,-1.3972013427473853,-1.1384991650284366,1.519581357804201,-0.45664933218501974,-1.0363484840666075,-0.7513814470531062,-1.9517891449321498
Cambodia,2018,2.207479049,23.372,1.400040849,18413935868.0,137665.5,42.57902232,5.154066325,0.000711772,33145892169.0,8.776223762,2036.673776,600752.3,21862726323.0,81.911,0.2739504,1.243682774,16274522.0,537107.0,199.0,24.224184629429413,16.605111375427903,7.61907325416247,13.193952608763379,1376655000.0,6007523000.0,0.0747615832849929,0.2747837992044008,0.1833363937900998,-0.627133852948832,-1.1956333783205364,-1.0875612018814091,1.539283031450719,-0.4048676754071949,-1.1451169740612384,-0.5993049613365847,-1.7735915373922717
Cambodia,2019,1.685827438,22.988,1.433610263,21072422248.0,144432.3229,43.84206047,4.586075048,6.86e-06,36685356408.0,7.936950136,2225.877055,798153.0879,25515540745.0,82.422,0.488076414,1.26258301,16481304.0,639211.0,5755.0,24.325643504425678,16.61773720552888,7.707906298953489,13.367989882297392,1444323229.0,7981530879.0,0.06854092101998771,0.3128105713598899,0.20232380860730628,-0.6935400840176043,-1.0313536634629086,-1.0439754164144122,1.4670405626861358,-0.37529888252223875,-1.269303026346695,-0.36159438577442815,-1.5758524677162118
Cambodia,2020,1.729230804,22.409,1.677347947,20822677353.0,149748.6585,52.18809961,4.453972221,2.05e-06,34818073901.0,-3.555721934,2081.739142,805448.9807,23090657075.0,82.238,0.558161546,1.470629886,16725474.0,641842.0,3761.0,24.273402453874798,16.63244350438415,7.640958949298315,13.372097446464064,1497486585.0,8054489807.0,0.07191614025485785,0.34882029475551424,0.21751881328122225,-0.6864551327295617,-1.1551599738027045,-1.05667605372835,0.07813216520064706,-0.17793320587849235,-1.2653018387533186,-0.08516899709260063,-1.4159356046063687
Cambodia,2021,2.647438708,21.905,1.926061874,20178241057.0,210043.0,56.79893866,5.330390152,0.00011284,36790163687.0,3.089842841,2167.403242,1156509.0,32815908352.0,79.51,1.179182601,1.476778362,16974305.0,732387.0,3369.0,24.328496355278528,16.647211288008272,7.681285067289197,13.504064341761499,2100430000.0,11565090000.0,0.10409381045982416,0.35242327824502084,0.2578684657155604,-0.692594207904273,-1.080584536470324,-1.0293739519426495,0.8285066425173487,-0.05860262982999631,-1.0217520990060949,0.11884959744301374,-1.1765730133020045
Cambodia,2022,2.167538908,21.279,1.81491673,25496861981.0,183820.0,58.45821117,4.786338447,3.39e-06,39994532960.0,5.129901108,2325.0305,1393798.0,34758832300.0,82.338,1.116982748,1.330888131,17201724.0,,5217.0,24.412008605719333,16.660520169318875,7.7514884362149825,,1838200000.0,13937980000.0,0.07209514650743326,0.4009910309904168,0.26182056630910966,-0.7669651335114077,-0.9507568416490513,-0.9921582232849654,1.1383630773712592,-0.033769178352989704,-1.1451840329198486,0.28922086924608786,-0.08511173353740954
Cambodia,2023,2.352918844,20.752,1.807010896,27752544025.0,207030.0,54.4507095,7.812896754,3.69e-06,42335646896.0,5.007330438,2429.748535,1275200.0,29420704837.0,82.348,2.399947791,1.283206776,17423880.0,,5915.0,24.46889528433019,16.67335223707882,7.795543047440709,,2070300000.0,12752000000.0,0.07459856646421445,0.4334362507849526,0.25925236531121093,-0.7206506412635016,-0.8692862696636855,-0.9650776171393094,1.0883933869067275,-0.1186885508436,-0.9154896430314124,0.5353053876560484,0.054516925331761654
Cambodia,2024,2.596023669,20.309,,31718256262.0,249891.0,46.11140463,15.22935987,0.001242881,46352647037.0,5.975109396,2627.879698,1532558.0,34329032394.0,82.373,2.323848625,1.225939863,17638801.0,,270.0,24.559544237079464,16.685611635711275,7.873932601539959,,2498910000.0,15325580000.0,0.07878459582892691,0.44643204108131496,0.2698746665110946,-0.7196093689076097,-0.7243197920929042,-0.9256860659026935,1.1773460115648122,0.07794765338873365,-0.4947346501861246,0.6515056425317292,0.12667252786858452
Indonesia,2013,5.855540025,19.643,5.59809288,205000000000.0,3142426.2,29.78187008,17.49567868,31.44082849,913000000000.0,5.557263689,3566.602845,3693048.7,211000000000.0,66.757,7.030949146,1.240380016,255852467.0,11435324.0,12623.0,27.54000171754138,19.360111535537463,8.179368837696556,16.252217719099708,31424262000.0,36930487000.0,0.15328908292682927,0.1750260047393365,0.16431430048076923,-0.08055365692294474,-0.15947392982357783,1.4128558566996252,0.3421904072587695,-0.2948719690702599,1.5218539335558745,-0.8783336487931143,-0.34419546631244025
Indonesia,2014,4.940893221,19.091,14.10690602,199000000000.0,2448524.6982,33.98183415,20.10336398,29.04285462,891000000000.0,5.006668426,3441.068085,3905960.5524,202000000000.0,66.624,4.734889242,1.175360912,258877399.0,10938117.0,7802.0,27.51561026441722,19.371865144657846,8.143537192001034,16.207764219485515,24485246982.0,39059605524.0,0.12304144212060301,0.1933643837821782,0.15846596634912719,-0.22935545472583901,-0.2257377008289256,1.4091708529605282,0.2156278960095406,0.5613306417770774,1.3178127410774325,-0.9146223209716985,-0.44731503418717833
Indonesia,2015,5.002885481,18.569,8.170235607,171000000000.0,1988619.4,36.98786525,21.45178045,23.04277508,861000000000.0,4.8763223,3288.222697,3434196.5,166000000000.0,66.578,5.476434136,1.122339818,261799249.0,10011420.0,10754.0,27.481360341374142,19.383088542833974,8.098102484113626,16.119236999372347,19886194000.0,34341965000.0,0.11629353216374269,0.20687930722891568,0.1609144183976261,-0.2665731469880805,-0.30976049745761375,1.4015707296151232,0.1579644034617413,0.0886864508901885,1.208366946856811,-0.855269280777285,-0.4699489202378268
Indonesia,2016,4.820248664,18.138,9.306190883,168000000000.0,2141403.6,35.36990487,22.2766602,19.28903403,932000000000.0,5.033069183,3521.469435,3212612.7,160000000000.0,66.314,5.749876172,1.0744882,264627418.0,10535691.0,6399.0,27.560598651632002,19.393833424836224,8.166633634607829,16.170279193956954,21414036000.0,32126127000.0,0.1274645,0.20078829375,0.16323220426829269,-0.20007580103930575,-0.18302525058480906,1.4360169464111767,0.13116610943561646,0.15721406324371426,1.0896447309326762,-0.836988443485375,-0.41313255108954566
Indonesia,2017,5.990299743,17.54,9.18370918,194000000000.0,2857430.6,35.96453709,23.18610091,21.84518766,1020000000000.0,5.069785901,3798.883262,3475738.5,183000000000.0,66.694,5.953723221,1.022329398,267346658.0,12076306.0,4076.0,27.650823743224727,19.404056718813333,8.2424624241027,16.306755909004224,28574306000.0,34757385000.0,0.14729023711340206,0.18993106557377049,0.1679885702917772,-0.09763009486040725,-0.04279441705296234,1.4743153509454885,0.11789143004173186,0.15865406805616147,1.4618683157232621,-0.8048820203467973,-0.29118752763194267
Indonesia,2018,5.094333829,17.146,7.921043987,212000000000.0,3414977.6,37.56396891,20.44881683,23.31002861,1040000000000.0,5.17429154,3860.953531,4319140.5,219000000000.0,67.652,6.872276752,0.96974341,269951846.0,12532311.0,3246.0,27.670241829081828,19.413754152908577,8.258669460708774,16.34382074721613,34149776000.0,43191405000.0,0.16108384905660378,0.19722102739726027,0.17944589559164734,-0.11690575296490495,-0.012822604664942144,1.4860017191110921,0.14256529492765402,0.07830108079362036,1.228678033008939,-0.6763036133371773,-0.1751653129604274
Indonesia,2019,5.454534399,16.909,10.25765977,200000000000.0,3411387.4419,37.08299782,20.30346231,20.33802174,1120000000000.0,5.01928768,4106.948562,4564873.7002,204000000000.0,68.238,5.447375777,0.935604959,272489381.0,12615422.0,1242.0,27.74434980123555,19.42311020250093,8.32043558940771,16.35043059173718,34113874419.0,45648737002.0,0.170569372095,0.2237683186372549,0.19743220648762377,-0.14461490637658694,0.10140202913424368,1.5178992933247897,0.1271238342311178,0.2790833494641236,1.1416713266534617,-0.4337583038004914,-0.019937701344039806
Indonesia,2020,5.103955991,16.674,15.27015973,178000000000.0,3748185.2148,40.48995208,23.60969628,15.62688087,1060000000000.0,-2.065511829,3853.702888,4098122.5324,160000000000.0,67.401,5.573116743,0.849801187,274814866.0,11673708.0,1334.0,27.689290024052525,19.431608214374723,8.256789754149962,16.272849691583982,37481852148.0,40981225324.0,0.21057220307865168,0.256132658275,0.23213928246153845,-0.04459897940211141,-0.0162987621942052,1.5012970943038408,-0.9190951421773563,0.8030676366718705,1.077089327331553,0.019455490334661752,0.27454065429915375
Indonesia,2021,4.620672732,16.417,12.31101914,247000000000.0,6392283.0,36.1990816,23.51251954,19.45403687,1190000000000.0,3.702885628,4287.17314,6064749.0,218000000000.0,65.868,6.812698931,0.704601322,276758053.0,12910700.0,2434.0,27.804974423051988,19.438654227593986,8.363382852999603,16.373566982886587,63922830000.0,60647490000.0,0.2587968825910931,0.27819949541284406,0.2678931612903226,0.02629310095695347,0.1808247736026948,1.5476177561189977,-0.33341580726542147,0.44583394504109397,1.1522895433209102,0.4445081936693788,0.6534044785335739
Indonesia,2022,3.754716583,16.204,12.28583152,316000000000.0,7789081.0,30.85273529,20.36465716,24.29680936,1320000000000.0,5.307197227,4730.834848,7064104.0,273000000000.0,67.018,8.593720961,0.74605047,278830529.0,12380584.0,3750.0,27.908652852526828,19.446114732290518,8.461856966545824,16.33163999696757,77890810000.0,70641040000.0,0.24648990506329113,0.25875838827838826,0.2521763157894737,0.04880953142373168,0.3629337999485569,1.5896574613761583,-0.032140481754546694,0.33122294997388835,1.0511424130843614,0.2371955774269762,0.49519153918503556
Indonesia,2023,3.705784238,15.941,8.811321617,291000000000.0,7407424.0,29.93537532,19.59344342,22.98840499,1370000000000.0,5.049023318,4876.307745,6519192.0,263000000000.0,67.899,8.661758889,0.842666137,281190067.0,,15203.0,27.94583185576858,19.454541393663803,8.492143602842521,,74074240000.0,65191920000.0,0.2545506529209622,0.2478780228136882,0.2513829602888087,0.0637794565456533,0.41894313731308175,1.6073747527196653,0.047324667017231356,-0.0016403972708237571,0.9581838174315666,0.20397046592670495,0.24631948746434543
Indonesia,2024,3.806060051,15.762,,302000000000.0,7104656.0,30.97299801,19.82116952,20.84829422,1400000000000.0,5.030344694,4925.430488,7666906.0,281000000000.0,67.927,10.2519087,0.813871513,283487931.0,,8480.0,27.967493352549763,19.462680108797322,8.502166958517233,,71046560000.0,76669060000.0,0.23525350993377483,0.27284362989323846,0.25337156089193824,-0.03806300240963007,0.4374794152942305,1.6191806280182588,0.025620266427465718,-0.24014136177858758,0.9631300620359063,0.2757689305800107,0.24556556934349064
Lao PDR,2013,4.887313188,25.623,5.785215239,3045096523.0,101007.9,70.37668032,14.16267175,0.616634277,11983252627.0,8.026300227,1812.517744,172257.7,4108061764.0,60.272,57.25484645,1.407554774,6611385.0,,,23.206775897540897,15.704303720892927,7.502472176474013,,1010079000.0,1722577000.0,0.3317067266573474,0.4193162369405895,0.3820209046633669,-0.2607346113085584,-1.4112647555835207,-1.880260232391347,0.4623798950036296,0.5749968743065988,1.6414422195365572,1.8583597642295362,1.3100034589234653
Lao PDR,2014,6.482374586,25.049,5.343893661,4040904951.0,177788.3187,74.28733039,17.34289065,0.042123341,13279245886.0,7.61196344,1981.039109,183947.508,6125963674.0,60.14,46.8833425,1.378768427,6703172.0,,,23.30946819368956,15.71809140516305,7.591376788553149,,1777883187.0,1839475080.0,0.439971543146549,0.300275218380278,0.35579866332737237,-0.017026760540111024,-1.2468526907235633,-1.8356813866252695,0.3799593331320535,0.6173367136959903,1.7695513068852293,1.606030598736856,1.3964493878167101
Lao PDR,2015,4.963242184,24.962,5.38566163,4497378079.0,154734.1,83.34374742,21.05848209,0.176088512,14426380126.0,7.270065844,2121.013391,122575.8,6753813713.0,60.016,40.31519825,1.458364749,6801645.0,,,23.39232432074312,15.732675052655107,7.659649268076105,,1547341000.0,1225758000.0,0.34405401832350596,0.18149123622415197,0.24647157841285514,0.11596520715632583,-1.1205958063058366,-1.7981244497810456,0.38525348060070413,0.8114003540770277,1.45944193898547,0.22458101467636202,0.4430098429859021
Lao PDR,2016,3.106615446,24.567,7.216716967,5079427263.0,135960.8,88.83463842,29.33582427,0.240806629,15912501723.0,7.022836255,2303.22156,98709.8,6394790293.0,59.898,36.92652358,1.563175613,6908802.0,,,23.490370909109586,15.748306808788456,7.742064100143351,,1359608000.0,987098000.0,0.2676695480814881,0.15435971388780614,0.20451991506583214,0.15873739616296204,-0.9681853475188251,-1.7544287152643834,0.4215139143133242,1.0920349580086761,1.4113293341782984,-0.3926971113225863,-0.05247567114780533
Lao PDR,2017,3.783402157,24.117,8.330274872,5653716801.0,160499.7,93.22181147,20.81540105,26.32641536,17071155481.0,6.892530873,2432.430595,141935.1,6783669899.0,59.782,24.5288042,1.570297226,7018147.0,,1082.0,23.56065606220584,15.76400978104443,7.796646281279004,,1604997000.0,1419351000.0,0.28388351530379385,0.2092305523606375,0.24316587342258966,0.06138380900610644,-0.8672460498242918,-1.721039391499981,0.403417360478539,1.2847213094993999,1.650566305010631,0.08983521384377519,0.2447354476698709
Lao PDR,2018,8.377122557,23.599,10.14160065,6393172198.0,201815.3,91.93200399,17.17468539,24.25197694,18141641090.0,6.247960008,2545.107542,145399.5,7564020651.0,60.989,26.34967625,1.55377802,7128045.0,,51.0,23.621475745567878,15.779547561244168,7.8419281842804605,,2018153000.0,1453995000.0,0.3156731803081022,0.19222514943924365,0.24877122767912255,0.1624809771933685,-0.7835058365873121,-1.691251151012629,0.3668960022920518,1.421098844080679,2.3487370351759638,0.14420554034133953,0.3403001637200813
Lao PDR,2019,10.79167895,23.151,11.44929272,6985183367.0,215700.039,107.8305072,13.46826542,27.0504531,18740561513.0,5.457735092,2589.32081,176245.3821,7518168210.0,62.207,22.47768108,1.525763046,7237636.0,,,23.653956076648242,15.794805191705837,7.8591508847826015,,2157000390.0,1762453820.9999998,0.3087965306952836,0.23442596278382546,0.2702447217245722,0.10066365053907253,-0.7516557482083073,-1.6721459541843653,0.3033181868305902,1.8731832313906773,2.6118415589159034,0.40815722554980566,0.4702567673377143
Lao PDR,2020,10.32832394,22.618,10.00448646,6461495986.0,208828.934,114.4584389,28.0692653,16.86571671,18981805250.0,0.503031829,2583.777307,149127.7597,5815879962.0,62.912,15.73711329,1.493386752,7346533.0,,,23.666746738882345,15.809739059222984,7.857007679687105,,2088289340.0,1491277597.0,0.3231897604710514,0.2564147827575125,0.2915579804806023,0.16678323202424863,-0.7556191958509929,-1.6605224542049895,-0.34327449447907155,1.8820504305466736,2.687707459452803,0.6452601188864325,0.6296114779747116
Lao PDR,2021,10.31330131,22.147,8.500356416,7819856365.0,267570.0,105.3901031,14.53714681,27.41775843,18827148531.0,2.528351005,2526.05105,166677.0,6527097039.0,64.618,12.05664542,1.441416409,7453194.0,,,23.65856573591266,15.824153223311725,7.834412512524115,,2675700000.0,1666770000.0,0.3421674101299174,0.2553616086969287,0.30267540973467566,0.2323401197935737,-0.7974046330993593,-1.656948107559019,-0.024824693545284812,1.555752614604051,2.2590946048529212,0.7428389550315415,0.7222385518716217
Lao PDR,2022,8.413767686,21.693,5.362889222,8604347867.0,335127.0,129.2315561,19.64493884,24.95086705,15468785204.0,2.707426526,2046.404403,226671.0,7982515291.0,66.001,16.10818948,1.409716701,7559007.0,,18.0,23.462089972526925,15.838250390322305,7.623839582405532,,3351270000.0,2266710000.0,0.38948564746586156,0.28395936836546176,0.3387005696306354,0.1930515950572982,-1.1868189664479034,-1.723645535338649,0.04623499137302854,1.7735421649044192,2.185149738871855,1.2096142657492086,1.0752820797605158
Lao PDR,2023,10.34437485,21.271,6.775631143,9697753779.0,375394.0,122.9530168,23.23329908,1.826812899,15843155731.0,3.745681402,2066.949798,334830.0,8596486168.0,65.99,20.17902223,1.392376672,7664993.0,,30.0,23.486003428931856,15.852174157045626,7.633829272013821,,3753940000.0,3348300000.0,0.38709376269471485,0.3894963517144811,0.3882227422716552,0.05711437518304084,-1.1683449474133583,-1.7083435920972492,0.17135532363806494,1.769122489157958,2.0510186586727706,1.95171895230063,1.4757570700872054
Lao PDR,2024,,20.933,,11118080188.0,455468.0,115.4044177,,,16502933121.0,4.130192644,2123.979094,367590.0,9930019522.0,65.989,,1.35832703,7769819.0,,524.0,23.526803966963726,15.865757427349209,7.66104653956386,,4554680000.0,3675900000.0,0.4096642516498461,0.3701805411213974,0.3910367260418114,0.10677011826627042,-1.1180118201087288,-1.6869088417599603,0.19804830521713518,1.5339361757404084,5.427006280404895e-17,1.9384883923289062,1.515289721662764
Malaysia,2013,2.16598303,16.761,0.0,244000000000.0,6015278.6,0.0,10.99291166,22.27238742,323000000000.0,4.693722526,10713.64076,4593059.1,217000000000.0,63.964,3.292700102,1.70946282,30174265.0,20876442.0,28053.0,26.500918160169068,17.222499966739033,9.279273045917964,16.85413190415974,60152786000.0,45930591000.0,0.24652781147540984,0.21166170967741935,0.2301157852494577,0.13406619776065387,1.874588395996711,0.04395594484412786,0.42222137810342714,-1.4258993955663328,0.0277996977964778,-0.09967657976162249,0.5536834954579058
Malaysia,2014,1.760606188,16.724,0.0,250000000000.0,5565224.2622,0.0,11.10808555,22.08948731,338000000000.0,6.006721946,11013.31073,4635338.7874,218000000000.0,64.962,2.877698154,1.714740728,30696137.0,22366426.0,15749.0,26.54631173242943,17.239647374021196,9.306859886603924,16.923071553156298,55652242622.0,46353387874.0,0.222608970488,0.2126302196055046,0.21796074892307693,0.09116021049803365,1.9256049780847584,0.06873846188749638,0.6511360906557153,-1.4258993955663328,-0.06520456402938263,-0.22523049322604358,0.4675264178505532
Malaysia,2015,1.845001685,16.336,0.0,210000000000.0,5327733.1,0.0,10.83439658,16.46374629,301000000000.0,5.091532422,9648.679794,4398038.7,187000000000.0,65.185,3.925235484,1.733194456,31232798.0,24012959.0,48048.0,26.430376101695288,17.256979318585756,9.174576376061921,16.994104200920507,53277331000.0,43980387000.0,0.2537015761904762,0.23518923529411764,0.24498165743073047,0.09559080956433709,1.6809719426717558,0.03352230258492729,0.5539073643619409,-1.4258993955663328,-0.22952177749845926,0.10845078710159828,0.7472032924870525
Malaysia,2016,1.936988491,15.789,0.0,201000000000.0,4926963.7,0.0,11.54855551,14.00259524,301000000000.0,4.449781398,9476.534098,3767177.5,181000000000.0,65.09,3.854242852,1.767310548,31789685.0,24569452.0,22113.0,26.430376101695288,17.27465242406155,9.15657392692376,17.01701444062633,49269637000.0,37671775000.0,0.2451225721393035,0.20813135359116022,0.22759531937172775,0.13339859260624845,1.6476798584241272,0.041640482175318606,0.488189075582394,-1.4258993955663328,-0.2649784504617949,-0.13272775722476923,0.6082988635906451
Malaysia,2017,2.126963688,15.329,0.0,224000000000.0,5442613.9,0.0,11.02809025,15.4036826,319000000000.0,5.81272241,9862.548066,4171227.7,202000000000.0,65.202,3.947781085,1.76466064,32355644.0,23719787.0,10836.0,26.488456939731257,17.292299030463333,9.196499838754422,16.98182015228957,54426139000.0,41712277000.0,0.24297383482142856,0.20649642079207922,0.22567703286384977,0.13224538669328606,1.7215151910574051,0.07137739505849221,0.6732474695429677,-1.4258993955663328,-0.2014624506417084,-0.15633115367662453,0.5746206256031898
Malaysia,2018,1.682455373,14.808,0.0,246000000000.0,6320504.6,0.0,9.090188089,15.67076642,359000000000.0,4.843086976,10901.802,4537598.7,222000000000.0,65.574,4.266519046,1.701747319,32910967.0,24955994.0,21162.0,26.60658822543469,17.309316503654056,9.296683375654125,17.03262459178964,63205046000.0,45375987000.0,0.256931081300813,0.20439633783783784,0.23201075427350426,0.16420049162729922,1.9067854687342516,0.12318975686770846,0.5180004128238365,-1.4258993955663328,-0.3671249374848748,-0.09405316140569735,0.6611359438743418
Malaysia,2019,1.699092496,14.233,0.0,238000000000.0,7190997.5137,0.0,9.268297007,14.43927765,365000000000.0,4.413187421,10920.19176,5214178.1876,211000000000.0,65.871,3.86055943,1.596466533,33440596.0,26215322.0,7013.0,26.623163190528903,17.325281168988454,9.298368809584273,17.081854606957393,71909975137.0,52141781876.0,0.30214275267647056,0.2471174496492891,0.2762845367772829,0.15935439962312176,1.9099023562180433,0.1366961348148751,0.40038922966474844,-1.4258993955663328,-0.41129230451964033,0.46213812855479713,1.0815098556971678
Malaysia,2020,1.564481941,13.393,0.0,208000000000.0,7517442.1604,0.0,10.07283729,11.38568064,337000000000.0,-5.456846584,9957.526267,5630131.4831,187000000000.0,65.473,3.502939746,1.333633231,33889558.0,26669483.0,7810.0,26.543348767298774,17.338617501302846,9.206083952963443,17.09903051089344,75174421604.0,56301314831.0,0.3614154884807692,0.3010765498983957,0.33284996565822783,0.14354821113575306,1.7392391760128338,0.11309711604012294,-1.1209737396295048,-1.4258993955663328,-0.5165388607174632,1.1766462017094974,1.602633211338864
Malaysia,2021,1.433594015,12.385,0.0,264000000000.0,9830508.0,0.0,10.79008481,12.44741033,374000000000.0,3.315349544,10903.10375,7865488.0,237000000000.0,65.619,4.718026008,1.152513044,34282399.0,28261849.0,5770.0,26.647521634360942,17.350142631742276,9.296802775390724,17.157023361247347,98305080000.0,78654880000.0,0.37236772727272727,0.33187713080168774,0.35321349301397204,0.11104319869873389,1.9070062756955433,0.15718805819954093,-0.07655504533226856,-1.4258993955663328,-0.4300964338833201,1.4577574122014485,1.8058126120904936
Malaysia,2022,1.193417928,12.394,0.0,313000000000.0,10983860.0,0.0,10.58831499,17.08107931,408000000000.0,9.03173723,11754.56783,9171921.0,284000000000.0,66.223,3.945766918,1.197772001,34695493.0,27293935.0,112697.0,26.734533011350575,17.362120351755113,9.371997195517384,17.122175074301577,109838600000.0,91719210000.0,0.3509220447284345,0.32295496478873237,0.33761777219430483,0.08989673979886961,2.046063964490888,0.19509548622584288,0.7468008103810506,-1.4258993955663328,-0.34695555672271844,1.275112333996717,1.645427654954484
Malaysia,2023,1.178172158,12.412,0.0,274000000000.0,10292983.0,0.0,9.541790496,16.51216338,400000000000.0,3.537063804,11386.03956,8736913.0,254000000000.0,66.178,3.790461848,1.234028692,35126298.0,,21069.0,26.714730384054395,17.374460638672065,9.340143283947288,,102929830000.0,87369130000.0,0.37565631386861315,0.3439729527559055,0.36041469696969697,0.08176975848948413,1.9871562514642094,0.19338897949174233,0.03963272636119,-1.4258993955663328,-0.4279924815209229,1.5625454702376267,1.239446073907716
Malaysia,2024,1.253654191,12.362,0.0,302000000000.0,11055038.0,0.0,10.21935408,14.40331582,422000000000.0,5.10545921,11874.42737,10145677.0,279000000000.0,66.107,3.696829991,1.22058891,35557673.0,,28298.0,26.76827115098242,17.38666652777361,9.382142406266466,,110550380000.0,101456770000.0,0.36606086092715234,0.3636443369175627,0.36490043029259894,0.04289294016734813,2.0648255901106167,0.21893583932706165,0.2350300083933279,-1.4258993955663328,-0.45673074679719067,1.6501893043282898,1.267448539359078
Philippines,2013,0.987227611,24.56,7.163581668,67847557124.0,1818181.0,24.1818488,10.42168439,3.766912716,284000000000.0,6.750531301,2781.279577,1986812.5,78494762234.0,61.446,6.114047727,1.879715797,102076336.0,5955137.0,6726.0,26.372240075107616,18.441231483499642,7.930666380284971,15.59976476638432,18181810000.0,19868125000.0,0.26798031897847757,0.253114022318729,0.26000636840337155,-0.044318472554552325,-0.6194015264075138,0.5558596609715251,0.6904522586084805,-0.2712486020910658,-0.8006662301004025,0.3158322908216846,0.24305934797314355
Philippines,2014,1.035727614,23.404,6.124713779,75321793859.0,2098413.2158,23.72074817,10.20537682,2.972819975,297000000000.0,6.347987483,2866.838038,2347357.7223,88075721020.0,62.171,6.588340242,1.642832838,103767130.0,6216752.0,9707.0,26.416997975749112,18.45765981187992,7.960964972484369,15.642758141833335,20984132158.0,23473577223.0,0.2785931014505792,0.26651586783683195,0.27208314284291324,-0.055995801395559985,-0.5633700788891474,0.5800751259112582,0.5038146783491431,-0.3746990505131811,-0.8154744963617565,0.47053637918173136,0.3695157902080564
Philippines,2015,0.948387367,22.933,6.830191328,72262154549.0,1896565.4,23.34001823,7.731460713,1.320696086,306000000000.0,6.348309717,2909.85818,2667079.1,90116539579.0,61.405,5.061376731,1.478753843,105312992.0,7175424.0,3867.0,26.44685093889879,18.47244735031013,7.975859623582742,15.786172411940628,18965654000.0,26670791000.0,0.26245624861821193,0.29595888972877443,0.28104946430980454,-0.16883736233179425,-0.5358252723241936,0.5979858806696889,0.347519613650329,-0.3190269372257061,-1.0643058125963876,0.5918855214152376,0.4689294502777468
Philippines,2016,0.83695681,21.76,7.798448709,73938028405.0,1739589.1,21.26389274,8.357741575,1.3324938,319000000000.0,7.14945675,2985.19564,2984266.6,102000000000.0,61.59,4.00252117,1.341907095,106735719.0,7560607.0,7760.0,26.488456939731257,18.4858664212642,8.001420564717508,15.838462035937857,17395891000.0,29842666000.0,0.23527664146943383,0.2925751568627451,0.2684954323306349,-0.2634876209279636,-0.4885552037253908,0.6196451822353267,0.36536871566669005,-0.27526168751245367,-1.0871400856794116,0.41712028255113925,0.3414052221156664
Philippines,2017,0.898913855,20.571,5.414918981,86645909126.0,1923917.7,20.17948483,9.312224376,1.508846659,328000000000.0,6.930988326,3038.12125,3206593.2,118000000000.0,59.141,5.584065613,1.288301867,108119693.0,8249852.0,500.0,26.516279445330554,18.49874943993083,8.018994593485031,15.925705818756011,19239177000.0,32065932000.0,0.22204368554806778,0.27174518644067797,0.2507018548238439,-0.25000931193811515,-0.4560554009591982,0.6359248932988381,0.17401088690877609,-0.5131699459541821,-0.9709063371547385,0.19473827417391135,0.23298099026534885
Philippines,2018,0.941254933,19.418,4.574588098,90373832107.0,2061160.0,20.63999064,8.657875297,1.695715719,347000000000.0,6.341485572,3168.510366,3503664.2,130000000000.0,58.981,4.908206851,1.236860333,109465287.0,8859565.0,4986.0,26.57259061689327,18.511118043262734,8.061016840337832,15.9970082243105,20611600000.0,35036642000.0,0.2280704438381728,0.26951263076923077,0.2525174675593091,-0.2592182876145485,-0.3783432979135884,0.6625782713527782,0.050637931408109904,-0.5793368305220113,-1.0102740823772125,0.2121413827813197,0.2880616910665261
Philippines,2019,1.12625301,18.104,6.044667314,94740948717.0,2019939.3176,20.35168421,9.060907311,1.475881529,377000000000.0,6.118525662,3400.789498,4076385.1931,131000000000.0,59.444,5.115535897,1.216155346,110804683.0,9333428.0,1383.0,26.65551102439442,18.523279596727264,8.131762888942895,16.04911292227707,20199393176.0,40763851931.0,0.21320657487120442,0.311174442221374,0.27005842517046624,-0.337325526534983,-0.24751202088728746,0.6990465538279541,0.02956275284695408,-0.45271450171248645,-0.9549720958100362,0.42799432613784544,0.3993715353223178
Philippines,2020,1.14756942,17.017,6.171917034,80033714168.0,1933547.0519,25.31163892,9.316113919,1.08970257,362000000000.0,-9.51829474,3227.579102,4188170.9679,99942619162.0,54.746,6.595741782,1.145514086,112081264.0,8019642.0,2364.0,26.61491004877218,18.53473473758825,8.079487631173368,15.897404340442383,19335470519.0,41881709679.0,0.24159156825350647,0.41905755552706375,0.34014016768390176,-0.3682992108927062,-0.344185105331141,0.6891875748761038,-2.3386456728029805,-0.33701089514947274,-0.9052478366462368,1.3573630611398722,0.8955178898851118
Philippines,2021,1.292994927,16.108,7.788225991,87797928272.0,2476131.0,26.1303952,8.912959771,1.18141568,394000000000.0,5.714733132,3484.385939,5728534.0,127000000000.0,56.471,7.48747407,0.905660311,113100950.0,8674859.0,941.0,26.699616746244345,18.543791340697403,8.156047106521601,15.9759396300628,24761310000.0,57285340000.0,0.28202613076801647,0.45106566929133857,0.38197132840175163,-0.39640899415149794,-0.20260300815721974,0.7248948552690038,-0.39705719153377855,-0.17392911491113658,-0.866018866340145,1.8104186105289573,1.263247798354081
Philippines,2022,1.362767236,16.057,4.964173068,98832118580.0,2301822.0,25.87529028,9.187186296,1.568316693,404000000000.0,7.580982128,3548.069306,6347102.0,153000000000.0,61.439,6.934564431,0.760479216,113964338.0,9249451.0,1493.0,26.72468071490756,18.551396132857555,8.17415887706056,16.040074756375894,23018220000.0,63471020000.0,0.23290222177487596,0.41484326797385623,0.34344006827915713,-0.4677206089451127,-0.16910875490150282,0.7377226462381088,-0.001561424054891404,-0.4341709076506345,-0.8420490411239722,1.2790703646478327,0.9009465382031852
Philippines,2023,1.201190134,16.019,5.223476045,104000000000.0,1947728.0,25.66687258,8.416371766,1.139127323,437000000000.0,5.518949679,3804.082741,5239638.0,151000000000.0,61.42,7.877617425,0.810000999,114891199.0,,2205.0,26.803199032042002,18.559496142844377,8.243830174480255,,19477280000.0,52396380000.0,0.18728153846153847,0.3469958940397351,0.2818574901960784,-0.45801340852824246,-0.040265024499213126,0.7706857900052438,-0.24131373588308477,-0.41514711194461873,-0.898418302521249,0.5407789409474698,0.2909603498815238
Philippines,2024,1.085554372,15.894,,106000000000.0,1933155.0,26.26045505,10.40992286,1.258116964,462000000000.0,5.692016128,3984.831539,5226405.0,161000000000.0,61.402,7.509011055,0.825602489,115843670.0,,5587.0,26.85883072802815,18.56775216772966,8.290250316554092,,19331550000.0,52264050000.0,0.18237311320754718,0.32462142857142856,0.2681483146067416,-0.4599793842079681,0.045580144058055876,0.7951969907280335,-0.20802265522673713,-0.3391615682446822,-0.8274307309699618,0.35345194937633195,0.1784497878543413
Sri Lanka,2013,2.622709021,17.028,11.95443262,15079332738.0,18256.4,52.2481961,26.499621,0.316453475,76976203829.0,4.05174633,3739.431811,343654.9,21507989961.0,52.053,0.621745135,-2.799682733,20585000.0,4306206.0,,25.06676216985521,16.84007321318614,8.22668895667472,15.275567795985083,182564000.0,3436549000.0,0.012106901755668389,0.15978010991410282,0.09891713120891782,-0.8991111910570353,-0.07196442622556963,-0.6658318579955484,-3.4972463269953415,0.7508755139211774,0.03902444557490501,-1.7694561631382149,-1.576735816720888
Sri Lanka,2014,2.629391282,16.522,24.2624871,16735027041.0,24827.2984,52.3589317,26.39959592,2.638481708,82531125191.0,6.377978897,3972.043757,379279.7469,23141633499.0,51.599,0.555241521,0.933207943,20778000.0,4907901.0,,25.136441334179136,16.849405292612612,8.287036041468935,15.406356913460355,248272984.0,3792797469.0000005,0.014835529299817879,0.1638949760899072,0.10133923950192446,-0.8771251395452966,0.03963595745828695,-0.6355947046928702,-0.5355395357454271,1.8640510130272077,0.11564374164031758,-1.7248912990264167,-1.4860449462175962
Sri Lanka,2015,2.482090368,16.022,17.37528185,16943161924.0,25851.6,52.87979147,25.66415687,1.808345269,85090301052.0,4.205955474,4057.715835,430404.5,23006476594.0,53.669,0.537232353,0.919811027,20970000.0,5185000.0,3.0,25.16697889484369,16.858603402878103,8.30837549205902,15.461280399645764,258516000.0,4304045000.0,0.015257836828780577,0.1870797113332199,0.11420781687284252,-0.8866794328886781,0.0790991872327977,-0.6199965029739434,-0.7293436064313681,1.2533988849837423,0.019531878735396663,-1.556613490605577,-1.3677491468657095
Sri Lanka,2016,2.658034957,15.651,14.63309375,17447855576.0,27344.4,54.38241777,25.12890811,1.600245896,88000211172.0,5.05362489,4149.191908,428832.9,23441724091.0,53.725,0.597589673,1.133277498,21209000.0,5734000.0,20.0,25.200605051103558,16.869936177857483,8.3306688733003,15.561923925425452,273444000.0,4288329000.0,0.01567206920122205,0.18293573388001874,0.11156321579117591,-0.8801150342202473,0.12032652917684403,-0.6022674601878844,-0.46077302492449496,1.037479246857104,0.021370075026918307,-1.5839785007741387,-1.3351389095420148
Sri Lanka,2017,2.623786046,15.371,19.22560024,19084181007.0,31003.0,55.148252,26.08690331,2.558431941,94369350286.0,6.460681271,4398.888281,408799.6,25401229000.0,53.991,0.778839493,1.143887584,21453000.0,6200000.0,22.0,25.270482178204443,16.881375053698644,8.389107124572485,15.64005985001532,310030000.0,4087996000.0,0.016245391923618954,0.1609369373426774,0.09886445914082727,-0.8590140212904608,0.2283968905874821,-0.5709888185547378,-0.2525535989210857,1.4680621701167904,0.10287239115603285,-1.7382534968813315,-1.3819775264609702
Sri Lanka,2018,,15.15,21.71033507,20263792551.0,32174.5,57.48928657,,,94450015983.0,2.310084255,4358.560959,425504.9,26840586809.0,51.721,,1.006431981,21670000.0,7000000.0,,25.271336600115728,16.89143937351254,8.379897226587621,15.761420707019587,321745000.0,4255049000.0,0.015877827370677566,0.15853040137606925,0.0971628129312858,-0.8594015811067748,0.21136494691854016,-0.5660475409913077,-1.0179832230913046,1.7415088808888692,5.427006280404895e-17,-1.757513576066649,-1.336945473535269
Sri Lanka,2019,2.493061066,14.6,25.39031018,19414322724.0,39700.8323,64.85484351,23.72379844,2.859717528,88998706297.0,-0.220483887,4081.947727,409060.6391,24561990206.0,52.249,0.738017127,0.611875946,21803000.0,7230000.0,,25.21188767058414,16.897558132970186,8.314329537555311,15.793749594134948,397008323.0,4090606390.9999995,0.020449249177732994,0.16654213916267854,0.10204617929527726,-0.8230648804312659,0.09011005485172564,-0.5853772961730731,-1.610645209415744,2.2284061063186416,-0.032942734102733615,-1.6748506916947925,-1.2673119616763941
Sri Lanka,2020,3.352270549,13.8,33.0317159,13082799673.0,31776.3285,69.31319801,26.60093034,2.737578636,84335574582.0,-4.624515037,3847.601377,384272.8983,18271335897.0,50.495,0.552811054,0.53062656,21919000.0,6850000.0,,25.158069612723832,16.902864398565487,8.255205214163832,15.739759210238407,317763285.0,3842728983.0,0.024288630334667053,0.2103146154535391,0.13269357270945806,-0.8472472656930317,-0.019229065638315414,-0.6029831802994086,-2.343402698622408,3.011751212929291,0.2707750774140018,-1.3402944565055956,-1.1016346702893
Sri Lanka,2021,3.022933997,12.9,27.9448928,14973536498.0,65045.0,67.85643573,25.64516069,1.927191888,88556698938.0,4.207476495,3996.9624,525443.0,21526033206.0,49.836,0.681639263,1.075449957,22156000.0,7250000.0,63.0,25.20690884978757,16.91361889813513,8.293289951611785,15.796512026830857,650450000.0,5254430000.0,0.04343997158499463,0.2440965295238614,0.16177944145332984,-0.7796906965086505,0.0512013673508493,-0.5798539987838564,-0.8114893194267969,2.522036518641684,0.13317499240030414,-0.9924305444980228,-0.8455753671235475
Sri Lanka,2022,2.813022315,12.4,13.33680147,16168761980.0,49493.0,81.28090657,23.25269892,2.254465901,74143020263.0,-7.349193013,3342.636503,369644.0,19243716669.0,49.727,0.677469669,0.11277264,22181000.0,6860000.0,,25.029261771133566,16.914746624532928,8.114515146736093,15.741217999702068,494930000.0,3696440000.0,0.03061025949990514,0.19208555517524598,0.11835856059509008,-0.7638337822716678,-0.27940841910640796,-0.6454966460214336,-3.044138405717227,1.4856764348559415,-0.01755587392532237,-1.4357488511501284,-1.1400099165272637
Sri Lanka,2023,3.204196958,11.2,10.25016836,17326992659.0,35612.0,74.58865042,25.70481701,3.225493125,83716142582.0,-2.32984819,3798.890166,375543.0,19174460576.0,47.4,0.599148181,-0.65132077,22037000.0,,,25.150697658235767,16.908233416831894,8.24246424147724,,356120000.0,3755430000.0,0.020552903034504598,0.1958558356890905,0.11264072072773187,-0.8267709258065693,-0.04279105616657116,-0.603262429172866,-3.0418003880567284,1.0664780134972887,0.2151969053565077,-1.4644714645100876,-1.1499815077874551
Sri Lanka,2024,2.709212667,10.1,,19682053757.0,39181.0,58.88970204,27.25449454,3.439814181,98963185510.0,5.00871931,4515.567873,496870.0,22316553880.0,48.6,0.566958694,-0.550589519,21916000.0,,,25.31801375438726,16.902727521640443,8.415286232692935,,391810000.0,4968700000.0,0.019906967272693848,0.22264638289216004,0.12763542178187567,-0.853816148090387,0.27681014071722876,-0.5434784460978842,-1.932766210278194,0.3464459267335694,0.20337593551421337,-1.2763029718150658,-1.0485185653748488
Thailand,2013,4.809587976,11.367,0.805290218,282000000000.0,3852264.6,39.09678127,12.85139071,6.265606399,420000000000.0,2.687495563,6018.082447,3271790.4,275000000000.0,69.97,1.285487542,0.587325699,69845114.0,8067988.0,48305.0,26.763520548223823,18.06179069132801,8.702523957162613,15.903414690697671,38522646000.0,32717904000.0,0.13660512765957447,0.11897419636363636,0.1279004488330341,0.08148087009434936,0.8080013385788071,0.5272863425540614,-0.34502925178399896,-0.5317152177987698,0.008086387164099651,-1.3719217063744593,-0.8102775354386434
Thailand,2014,3.911260683,10.95,0.718571433,279000000000.0,3833192.8398,38.02588005,13.56510562,5.266216122,407000000000.0,0.984468864,5801.197892,3428922.7963,255000000000.0,69.794,1.316381544,0.530129864,70216367.0,8664572.0,6052.0,26.732079022389005,18.06709198996938,8.665819708312934,15.974753085797662,38331928398.0,34289227963.0,0.1373904243655914,0.1344675606392157,0.13599467483333333,0.05566835668250342,0.7401238550446811,0.5180118144198511,-0.6214512494827424,-0.5620437519900052,-0.16613538534180747,-1.2566822810047584,-0.7125887953450556
Thailand,2015,3.75814698,10.594,0.772317115,271000000000.0,3716874.5,32.31480923,13.52848626,3.936074033,401000000000.0,3.134047249,5688.853354,3829080.4,230000000000.0,69.269,1.1361874,0.460976294,70540795.0,8883542.0,4438.0,26.71722726425298,18.071701752909977,8.646263987304684,15.99971090931319,37168745000.0,38290804000.0,0.1371540405904059,0.16648175652173913,0.1506178622754491,-0.014869675407150923,0.7039592917492489,0.5145981148158136,-0.4116413434916462,-0.6771943274634268,-0.25083618337545976,-1.0288583968631664,-0.577031287124642
Thailand,2016,3.862982262,10.111,0.281436579,277000000000.0,3853234.3,33.2711075,13.46657176,2.903266635,413000000000.0,3.435157717,5833.577156,3719508.4,221000000000.0,68.315,1.197894948,0.451266063,70859841.0,9340560.0,5615.0,26.746713429907444,18.076214413537947,8.671385668541404,16.049876765581114,38532343000.0,37195084000.0,0.13910593140794225,0.1683035475113122,0.1520631064257028,0.017658846378076465,0.7504170332352182,0.5276524765182007,-0.4268054838552729,-0.7014043716015741,-0.26819504170863295,-1.0050079390192967,-0.536678544808119
Thailand,2017,4.920355154,9.765,0.271081042,305000000000.0,4159608.3,35.22982766,13.56999067,3.488262552,456000000000.0,4.177681032,6413.091825,3854172.7,248000000000.0,67.525,1.483846171,0.42296351,71160187.0,9938881.0,11023.0,26.845758646460798,18.080444048639286,8.766096777618005,16.11196499684295,41596083000.0,38541727000.0,0.1363806,0.15541018951612903,0.14491466546112117,0.03811379422522278,0.9255671030043751,0.5664825385163219,-0.38828366204941467,-0.6611822647041368,-0.026264635667134963,-1.112384297796477,-0.5721760179600412
Thailand,2018,4.042967037,9.4,0.495167629,329000000000.0,4462963.7,35.68589602,13.47979098,4.225474101,507000000000.0,4.222870287,7099.776501,4287871.7,284000000000.0,67.798,1.612555527,0.302929452,71376079.0,10371645.0,4574.0,26.951776840537594,18.083473343164187,8.867818583801547,16.154586198290577,44629637000.0,42878717000.0,0.13565239209726443,0.15098139788732395,0.1427542479608483,0.020008603978541293,1.1136821153170535,0.6073581505636316,-0.45448798448253247,-0.63137466522357,-0.17236019371095362,-1.148115734372716,-0.5734278985967027
Thailand,2019,3.659585147,9.056,0.690293808,324000000000.0,4616164.9902,32.17690865,13.86075475,3.440945933,544000000000.0,2.114557796,7605.696578,4558483.8927,273000000000.0,66.94,1.649382165,0.204609852,71522271.0,10130294.0,10580.0,27.022215083802354,18.08551944168111,8.936652795239153,16.13104089850855,46161649902.0,45584838927.0,0.14247422809259258,0.16697743196703296,0.15367921076884422,0.006287008716759488,1.2409778154027813,0.6345311745558628,-0.8487898378332083,-0.6874948172174215,-0.2548199658984321,-0.9958423650593194,-0.48702973613219014
Thailand,2020,3.626799863,8.792,2.529977365,257000000000.0,4813973.7245,38.18525157,14.45089115,2.655414499,500000000000.0,-6.050038469,6985.643939,5051423.9522,232000000000.0,67.021,1.858142136,0.166540795,71641484.0,9568488.0,10861.0,26.937873935368604,18.087184849626773,8.851612456275147,16.073985757216406,48139737244.99999,50514239522.0,0.18731415270428012,0.21773379104310345,0.20174637375664622,-0.024068997062410204,1.0837119840979041,0.6038852138951758,-1.957991955120692,-0.3952087560129684,-0.2527166529825734,-0.38419999570098046,-0.08645183712679998
Thailand,2021,4.164448578,8.544,0.395508708,295000000000.0,6183263.0,40.25205644,13.63772228,3.58403042,506000000000.0,1.552166084,7057.207548,6935458.0,297000000000.0,66.952,2.560335245,0.119758275,71727332.0,10436689.0,10741.0,26.949802506233876,18.08838243237392,8.861804720799334,16.160837944523596,61832630000.0,69354580000.0,0.20960213559322033,0.23351710437710438,0.2216000168918919,-0.057337525510299366,1.1025606266692134,0.6088778548731407,-0.9838000541733927,-0.5444248531325788,-0.13368964635448913,-0.14778257852268795,0.12918704108237722
Thailand,2022,4.102005544,8.38,0.577451225,324000000000.0,5655290.0,41.89861107,14.39703553,3.884727684,496000000000.0,2.580378747,6909.352818,7721773.0,334000000000.0,67.18,2.642633556,0.011148545,71735329.0,10497112.0,6809.0,26.929841763671337,18.088493917828778,8.840631253620034,16.16661072967617,56552900000.0,77217730000.0,0.174545987654321,0.23119080838323353,0.20329882978723404,-0.15447957447759647,1.063404351445891,0.6014951349999246,-0.9133360168549391,-0.4934063545992517,-0.09421188049935256,-0.35860742229143117,-0.055941322910716976
Thailand,2023,3.648098959,8.245,1.485206811,339000000000.0,5055010.0,38.70708882,15.05651204,3.867002137,516000000000.0,2.017750953,7195.101309,7572519.0,327000000000.0,67.814,2.335632488,-0.045865189,71702435.0,,5277.0,26.969372602427974,18.088035265941585,8.88115569969489,,50550100000.0,75725190000.0,0.14911533923303835,0.23157550458715595,0.18960253753753753,-0.1993667169562628,1.13834655861218,0.6160068266948057,-0.9969636748654714,-0.47853839872554177,-0.1599092471862424,-0.49671368699996,-0.3549194693688769
Thailand,2024,4.003089673,8.116,,369000000000.0,4788765.0,37.48912082,14.7199617,3.422476976,527000000000.0,2.541820677,7346.620221,8602684.0,350000000000.0,67.129,2.788989277,-0.048021055,71668011.0,,14778.0,26.990466385487775,18.08755505538743,8.901995652573312,,47887650000.0,86026840000.0,0.12977682926829268,0.24579097142857143,0.18625102920723227,-0.284802563187897,1.1768860629663038,0.6236421474140168,-0.9634496560279496,-0.1032242383738117,-0.10905587179899368,-0.5020856609386174,-0.3979192385032823
Viet Nam,2013,3.197090721,17.888,1.891318937,143000000000.0,1689189.3,32.10197227,14.44451732,7.335465156,214000000000.0,5.55351081,2359.517365,4858629.8,137000000000.0,77.234,0.710582349,1.180297555,90573104.0,8035812.0,,26.089241851968264,18.321667861597806,7.7662123707494475,15.899418609919557,16891893000.0,48586298000.0,0.11812512587412588,0.3546445109489051,0.23385068214285715,-0.48404521438290804,-0.9235277426961261,0.3955415080265647,0.8286037504347874,-0.5806722998239287,-0.20688448477094512,0.21246653838689822,0.015172923106472606
Viet Nam,2014,2.330443493,18.671,2.238335426,161000000000.0,1990639.7835,33.27332736,14.81530781,6.149934739,233000000000.0,6.422243121,2546.384645,6373001.4143,153000000000.0,77.306,0.786280339,1.214234636,91679578.0,9473429.0,7.0,26.17430429051211,18.33381020795327,7.842429845868018,16.064001490436297,19906397835.0,63730014143.0,0.12364222257763975,0.4165360401503268,0.2663579999299363,-0.523977718215931,-0.7825781094925928,0.43279871910240625,0.9721221999385364,-0.524740165969704,-0.3974754489098572,0.6859979585878032,0.36167758573099607
Viet Nam,2015,2.122894125,18.498,1.631289777,173000000000.0,2983174.5,36.02765129,12.95617564,3.083529778,239000000000.0,6.987154306,2577.568853,6601702.0,171000000000.0,77.43,0.79711705,1.239754031,92823254.0,10615391.0,,26.199729388877923,18.346207748262582,7.85460192862841,16.177815487109036,29831745000.0,66017020000.0,0.1724378323699422,0.38606444444444443,0.2786301308139535,-0.3775246869378025,-0.7600681720047493,0.4479625640586528,1.071825468148574,-0.5216543412606722,-0.6407841722206138,0.7381829803691989,0.5440946141615896
Viet Nam,2016,1.964821489,17.313,1.929996256,189000000000.0,3717160.4,37.24343688,12.87482015,2.026356218,257000000000.0,6.690008927,2735.060438,6110412.8,182000000000.0,76.965,0.824603887,1.259883665,94000117.0,11282230.0,,26.27234192184163,18.358806584914355,7.913908812600956,16.238739479530558,37171604000.0,61104128000.0,0.19667515343915343,0.335736967032967,0.2648941563342318,-0.24352425072753464,-0.6503914406597356,0.480792776796839,1.0232051597572345,-0.46914879344317184,-0.7125249484874645,0.5122270870055248,0.4991343018331473
Viet Nam,2017,1.939580635,16.764,1.610722105,228000000000.0,5037461.7,41.57012523,12.11055674,2.252773513,281000000000.0,6.940190374,2956.109921,7161724.8,221000000000.0,77.2,1.014998699,1.244204736,95176977.0,12382524.0,353.0,26.361620506280158,18.371248632278718,7.991629467100672,16.331796681661913,50374617000.0,71617248000.0,0.22094130263157893,0.3240599457013575,0.27169680400890867,-0.17413153737751283,-0.5066619648796553,0.5197578651795882,1.0571338372260017,-0.40705189095158456,-0.7421601225868124,0.5630613699454781,0.6203621090457112
Viet Nam,2018,1.836187003,15.438,1.589747765,258000000000.0,6395634.9,38.26956407,10.63415881,1.613912703,310000000000.0,7.465006856,3222.310031,8387668.8,246000000000.0,77.482,1.129533154,1.107913952,96237319.0,13394390.0,13883.0,26.459838134425603,18.382327771802938,8.07785378226109,16.41034652054353,63956349000.0,83876688000.0,0.24789282558139536,0.34096214634146343,0.29331951785714283,-0.13474889919226918,-0.3472065961970773,0.5614260452462091,1.0435318576512118,-0.4782964737322284,-0.8562515290634076,0.8333181430958355,0.8602974647328958
Viet Nam,2019,1.899680399,15.513,1.571725635,281000000000.0,6411667.4838,38.57321914,9.416308934,1.37705087,334000000000.0,7.359262701,3440.900254,9786888.2174,262000000000.0,76.615,1.090681137,0.968366699,97173776.0,15297028.0,1720.0,26.53440682992311,18.39201143879097,8.143488417873701,16.54316911912799,64116674837.99999,97868882174.0,0.2281732200640569,0.3735453518091603,0.29831594293186003,-0.2083655355366011,-0.2258278992426968,0.5936456973039431,0.8856004632878657,-0.4735426228077449,-0.9151130995680171,0.9572975617341026,0.9488105563706261
Viet Nam,2020,1.752041474,15.234,1.753133803,290000000000.0,7847442.5894,39.02346795,8.781796541,0.948498944,347000000000.0,2.865413209,3534.039535,11381565.6726,270000000000.0,74.367,1.054244381,0.927434296,98079191.0,16394723.0,275.0,26.57259061689327,18.40128578174948,8.170196839857248,16.61247007272322,78474425894.0,113815656725.99998,0.2706014686,0.4215394693555555,0.3433751475357143,-0.18379123015845103,-0.1764357844269077,0.6121265822025792,0.14480104616579362,-0.4477091936194858,-0.9924972394393086,1.5358117080053284,1.3849270372891858
Viet Nam,2021,1.876097499,14.735,1.321985818,340000000000.0,9231942.0,40.21921635,8.153493529,0.979644882,366000000000.0,2.553728526,3704.193559,13789507.0,338000000000.0,73.738,1.156839071,0.868883561,98935098.0,19821048.0,603.0,26.62589917034778,18.409974617357538,8.217220851150193,16.80225496135118,92319420000.0,137895070000.0,0.2715277058823529,0.4079735798816568,0.339549395280236,-0.19797037970980888,-0.08947387532157,0.6359713931350381,0.02956317070459012,-0.4614968088770769,-0.9957087801768315,1.4438478151027603,1.424670855028034
Viet Nam,2022,2.106868725,14.272,1.141821037,385000000000.0,8794254.0,37.25802815,8.171368997,1.167043847,413000000000.0,8.537500468,4147.697772,14387570.0,370000000000.0,74.484,1.175505547,0.750756665,99680655.0,20518926.0,708.0,26.746713429907444,18.417482184009117,8.330308705557018,16.836858237715813,87942540000.0,143875700000.0,0.22842218181818183,0.3888532432432432,0.30704402649006624,-0.24128023748260707,0.11966046786703939,0.6844145720589098,0.7785746103832412,-0.5399780113482519,-0.9423939809777068,1.0682387701032785,1.146218687380518
Viet Nam,2023,1.90086967,13.831,1.243200229,375000000000.0,9213259.0,34.47907532,9.362269037,0.952923331,434000000000.0,5.065023915,4323.35032,13760140.0,340000000000.0,73.545,1.110537455,0.671429251,100352192.0,,999.0,26.796310371046815,18.42419647651564,8.37178591770174,,92132590000.0,137601400000.0,0.24568690666666668,0.40471,0.3213062797202797,-0.19791938493733557,0.19636463353257463,0.7059700655299614,0.21233179806711042,-0.5892196603105245,-0.9320560351035366,1.2773581581580644,0.8143744998194639
Viet Nam,2024,,13.423,,432000000000.0,9867808.0,28.84929811,,,476000000000.0,7.091187466,4717.290287,16184455.0,399000000000.0,73.134,,0.631267006,100987686.0,,757.0,26.88868369117783,18.430509146580512,8.458989821988554,,98678080000.0,161844550000.0,0.22842148148148148,0.40562543859649125,0.31350496991576415,-0.24246058778080046,0.35763156482387004,0.743272175977565,0.4322694363936607,-0.28476465844770155,5.427006280404895e-17,1.1882774784574417,0.7299375156954772
