platform,text,user_id,total_interactions_count,statistics,username,statuses_count,followers_count,friends_count,favourites_count,media_count,user_created_at,user_description,conversation_id_str,created_at,profile_url,post_url,location,sentiment,sentiment_target,sentiment_reason,emotion,country,country_reason,country_code,country_geo,account_type,account_type_reason,media_url
twitter,"Hari ini saya menerima kunjungan hormat Naib Presiden China, TYT Han Zheng yang sedang dalam rangka lawatan kerja empat hari ke negara bersempena ulang tahun ke-10 Perkongsian Strategik Komprehensif Malaysia-China pada tahun ini.

Pertemuan dimulakan dengan mesyuarat yang membincangkan hubungan dua hala, pembangunan luar bandar, pendidikan TVET yang akan dikelolakan oleh Majlis Amanah Rakyat (MARA), Inisiatif Jalur dan Laluan (BRI) dan kerjasama industri halal. 

Sesungguhnya Malaysia komited memastikan momentum kemajuan negara seiring dengan pertumbuhan dan perlu disusuli dengan strategi menang-menang demi prinsip kebersamaan dan kemajuan bersama bagi kedua-dua negara.

China adalah rakan dagang Malaysia terbesar sejak 2009 dengan nilai perdagangan antara kedua-dua negara tahun lalu sudah mencecah 17.1 peratus daripada jumlah perdagangan global Malaysia yang bernilai RM2.8 trilion. 

Manakala nilai pelaburan daripada China bernilai RM9.6 billion (AS$2.2 billion) yang sudah membuka peluang pekerjaan kepada lebih 6,000 orang tahun lalu.
 
Pertemuan pada hari ini turut disertai Ouyang Yujing - Duta Besar China ke Malaysia, Li Chunlin-Timbalan Pengerusi Suruhanjaya Pembangunan Dan Pembaharuan Negara dan Li Fei-Timbalan Menteri Peragangan China, Nong Rong-Timbalan Menteri Luar China.

Saya turut bersama Timbalan Menteri Luar; Datuk Mohamad bin Alamin serta Timbalan Menteri Pelaburan, Perdagangan dan Industri; Tuan Liew Chin Tong.

#MalaysiaChina",115603899,122,"{'quote_count': 0, 'retweet_count': 14, 'like_count': 103, 'reply_count': 5, 'view_count': '3416'}",DrZahidHamidi,17680,494354,7821,1080,8979,Fri Feb 19 07:18:48 +0000 2010,"Timbalan Perdana Menteri, Menteri Kemajuan Desa & Wilayah, Presiden UMNO, Pengerusi Barisan Nasional & Ahli Parlimen Bagan Datuk.",1722621088872763753,2023-11-09 14:24:06,https://pbs.twimg.com/profile_images/1884082333663571968/Fs2uZ9xe_normal.jpg,https://twitter.com/DrZahidHamidi/status/1722621088872763753,Malaysia,positive,China,"The post explicitly mentions China and highlights a respectful official visit by the Chinese Vice President, discussing bilateral relations and cooperation under the Belt and Road Initiative (BRI). The tone is formal and positive, emphasizing commitment and partnership.",happiness,Malaysia,"The user explicitly states Malaysian political titles and locations, indicating Malaysia.",my,"[2.5, 112.5]",Individual,The account belongs to a named political figure with official titles and roles.,https://pbs.twimg.com/media/F-f6hOyboAA83SY.jpg
twitter,"Bagi menterjemahkan cita-cita tinggi kepada realiti praktikal, perpaduan dan kerjasama adalah contoh terbaik dalam merealisasikan Inisiatif Jalur dan Laluan.",1839871,90,"{'quote_count': 0, 'retweet_count': 14, 'like_count': 74, 'reply_count': 2, 'view_count': '13552'}",anwaribrahim,92664,1869445,12044,12213,13864,Thu Mar 22 05:28:29 +0000 2007,Perdana Menteri Malaysia 🇲🇾,1641322675699335168,2023-03-30 06:13:16,https://pbs.twimg.com/profile_images/1877362953596579840/mGNtrUJS_normal.jpg,https://twitter.com/anwaribrahim/status/1641322681235800066,Malaysia,positive,China,"China is implied through the mention of the Belt and Road Initiative (BRI), a China-led project. The post promotes unity and cooperation to realize the initiative's goals, reflecting a positive and supportive sentiment towards China.",happiness,Malaysia,The mention of being the Prime Minister of Malaysia suggests a user from Malaysia.,my,"[2.5, 112.5]",Individual,The username and description suggest a personal account related to Malaysian politics.,
twitter,"Rangkuman Kunjungan hormat Naib Presiden China, TYT Han Zheng yang sedang dalam rangka lawatan kerja empat hari ke negara bersempena ulang tahun ke-10 Perkongsian Strategik Komprehensif Malaysia-China.

Pertemuan ini telah membincangkan hubungan dua hala, pembangunan luar bandar, pendidikan TVET yang akan dikelolakan oleh Majlis Amanah Rakyat (MARA), Inisiatif Jalur dan Laluan (BRI) dan kerjasama industri halal.

#MalaysiaChina",115603899,66,"{'quote_count': 1, 'retweet_count': 8, 'like_count': 55, 'reply_count': 2, 'view_count': '2273'}",DrZahidHamidi,17680,494354,7821,1080,8979,Fri Feb 19 07:18:48 +0000 2010,"Timbalan Perdana Menteri, Menteri Kemajuan Desa & Wilayah, Presiden UMNO, Pengerusi Barisan Nasional & Ahli Parlimen Bagan Datuk.",1722968044912464263,2023-11-10 13:22:47,https://pbs.twimg.com/profile_images/1884082333663571968/Fs2uZ9xe_normal.jpg,https://twitter.com/DrZahidHamidi/status/1722968044912464263,Malaysia,positive,China,"This post mentions China directly, describing a visit by the Chinese Vice President and discussions on bilateral cooperation including BRI. The tone is respectful and highlights strong partnership, indicating positive sentiment.",happiness,Malaysia,"The user explicitly states Malaysian political titles and locations, indicating Malaysia.",my,"[2.5, 112.5]",Individual,The account belongs to a named political figure with official titles and roles.,https://pbs.twimg.com/amplify_video_thumb/1722967852511354880/img/EwihbVVS7Dz5ZF4f.jpg
twitter,"Perbincangan hari ini juga bersetuju untuk meningkatkan kerjasama di bawah Inisiatif Jalur dan Laluan (BRI) seperti projek berkembar melibatkan kedua-dua negara,",1839871,68,"{'quote_count': 1, 'retweet_count': 13, 'like_count': 53, 'reply_count': 1, 'view_count': '6489'}",anwaribrahim,92664,1869445,12044,12213,13864,Thu Mar 22 05:28:29 +0000 2007,Perdana Menteri Malaysia 🇲🇾,1659578539195400193,2023-05-19 15:15:35,https://pbs.twimg.com/profile_images/1877362953596579840/mGNtrUJS_normal.jpg,https://twitter.com/anwaribrahim/status/1659578556429774848,Malaysia,positive,China,"China is referenced via the BRI, with the post emphasizing agreement to enhance cooperation under this initiative. The tone is cooperative and optimistic, showing positive sentiment towards China.",happiness,Malaysia,The mention of being the Prime Minister of Malaysia suggests a user from Malaysia.,my,"[2.5, 112.5]",Individual,The username and description suggest a personal account related to Malaysian politics.,
twitter,"Penglibatan dalam Inisiatif Jalur dan Laluan (BRI) perkukuh perkongsian ekonomi Malaysia-China.

YB Senator Tengku Datuk Seri Utama Zafrul Tengku Abdul Aziz
Menteri Pelaburan, Perdagangan dan Industri 

#KementerianKomunikasi #MalaysiaMADANI #JiwaMerdeka https://t.co/irqpFySReh",274818125,29,"{'quote_count': 0, 'retweet_count': 14, 'like_count': 15, 'reply_count': 0, 'view_count': '418'}",komunikasi_gov,40992,269441,357,4659,12537,Thu Mar 31 02:39:34 +0000 2011,Media Sosial Rasmi Kementerian Komunikasi,1813120345114878089,2024-07-16 07:55:51,https://pbs.twimg.com/profile_images/1735223167944392705/_8GQQZM__normal.jpg,https://twitter.com/komunikasi_gov/status/1813120345114878089,"Presint 4, Putrajaya",positive,China,"The post mentions Malaysia-China economic partnership through the BRI, quoting a Malaysian minister. The tone is official and positive, highlighting strengthened economic ties with China.",happiness,Malaysia,"""Presint 4, Putrajaya"" is a federal administrative area in Malaysia, and the description is in Malay referencing a Malaysian ministry.",my,"[2.5, 112.5]",Organization,The account is the official social media of a government ministry.,https://pbs.twimg.com/media/GSl_Vy5bIAMFnL4.jpg
twitter,"Kementerian Pelaburan, Perdagangan dan Industri (MITI) Malaysia telah menandatangani Rancangan Kerjasama Inisiatif Jalur dan Laluan (BRI) bersama Republik Rakyat China. Pelan ini bertujuan untuk meningkatkan pembangunan dan kerjasama berkualiti tinggi antara Malaysia dan China melalui penyelarasan dasar, keterhubungan fasiliti, kerjasama perdagangan dan integrasi kewangan. Selain itu, pelan ini memperkukuh hubungan dalam sektor-sektor seperti pendidikan, sains dan teknologi, kesihatan, budaya, pelancongan, sukan dan media.

Bagi pihak Malaysia, YB Senator Tengku Datuk Seri Utama Zafrul Tengku Abdul Aziz, Menteri Pelaburan, Perdagangan dan Industri, telah menandatangani perjanjian ini. Manakala bagi pihak China, ia ditandatangani oleh Liu Sushe, Naib Pengerusi Suruhanjaya Pembangunan dan Pembaharuan Kebangsaan China.

#Malaysia #China #MITI #PemacuPotensiGlobal #TZA

Kredit: SADIQ ASYRAF/ PMO",1241726234553241601,13,"{'quote_count': 0, 'retweet_count': 2, 'like_count': 11, 'reply_count': 0, 'view_count': '930'}",tzafrul_aziz,7071,147302,94,1029,5437,Sun Mar 22 13:59:46 +0000 2020,Chairman MIDA 🇲🇾 & President of @BA_Malaysia 🏸,1853810477622854079,2024-11-05 14:43:54,https://pbs.twimg.com/profile_images/1958780457828634624/Sl3H39hV_normal.jpg,https://twitter.com/tzafrul_aziz/status/1853810477622854079,Kuala Lumpur,positive,China,"China is explicitly mentioned as a partner in a signed cooperation plan under the BRI. The post highlights goals of high-quality development and multi-sector collaboration, reflecting a positive and constructive sentiment.",happiness,Malaysia,"The location mentioned is Kuala Lumpur, which is the capital of Malaysia, and the user is the Minister of Investment, Trade & Industry in Malaysia.",my,"[2.5, 112.5]",Individual,"The username and description indicate a personal account of the Minister of Investment, Trade & Industry Malaysia.",https://pbs.twimg.com/media/GboOzDHakAEGt5L.jpg
twitter,"Perdana Menteri, Datuk Seri Anwar Ibrahim akan melakukan lawatan kerja ke China dari 4 hingga 7 November 2024, atas jemputan daripada rakan sejawatnya Li Qiang untuk menghadiri Ekspo Import Antarabangsa China ketujuh (CIIE ke-7) di Shanghai.

Menurut kenyataan Kementerian Luar Negeri pada Ahad (3 November), Malaysia diberi penghormatan sebagai 'Country of Honour' di CIIE ketujuh pada tahun ini.

“Semasa di Shanghai, Perdana Menteri dijadual mengadakan pertemuan dua hala bersama Li Qiang bagi berbincang hubungan dua hala susulan perjumpaan mereka di Putrajaya pada 19 Jun 2024 serta bertukar pandangan mengenai isu serantau dan antarabangsa yang berkepentingan bersama,” kata Wisma Putra dalam kenyataan tersebut.

CIIE adalah inisiatif oleh Kerajaan China untuk menyediakan platform kepada negara-negara yang terlibat dalam Inisiatif Jalur dan Laluan (BRI) untuk mempromosikan dan mengeksport produk dan perkhidmatan ke negara tersebut.

Anwar juga dijadualkan melawat Beijing selama dua hari bermula 6 November dan  membuat kunjungan hormat kepada Presiden Xi Jinping.

Beliau juga akan menyampaikan ceramah bertajuk “Bridging Futures: Strengthening Malaysia-China Relations and ASEAN Centrality in a Shifting Global Order” di Universiti Peking, dan melawat Pusat Taklimat Eksekutif Huawei.

Anwar akan diiringi oleh Menteri Luar Datuk Seri Mohamad Hasan, Menteri Pelaburan, Perdagangan dan Industri, Tengku Datuk Seri Zafrul Abdul Aziz serta Menteri Sumber Manusia, Steven Sim Chee Keong.

#BeritaKS",1623155947949658113,13,"{'quote_count': 1, 'retweet_count': 2, 'like_count': 10, 'reply_count': 0, 'view_count': '1013'}",keluarsekejap,3052,18651,5,88,2859,Wed Feb 08 03:05:29 +0000 2023,Podcast Keluar Sekejap (KS) bersama Khairy Jamaluddin (KJ) dan Shahril Hamdan . Merapatkan jurang dalam perbincangan isu politik dan semasa.,1852959830933483906,2024-11-03 06:23:44,https://pbs.twimg.com/profile_images/1630450395985379328/T_ObwnDD_normal.jpg,https://twitter.com/keluarsekejap/status/1852959830933483906,Malaysia,positive,China,"China is directly mentioned as the host of an international expo and the invitation extended to Malaysia's Prime Minister. The post conveys honor and respect, showing positive sentiment towards China and its international role.",happiness,Malaysia,"The username and description mention Malaysian political figures Khairy Jamaluddin and Shahril Hamdan, indicating Malaysia.",my,"[2.5, 112.5]",Media,The account promotes a podcast featuring public figures discussing political and current issues.,https://pbs.twimg.com/media/GbcJJFjbEAA38WD.jpg
twitter,"Malaysia komited pastikan projek infrastruktur di bawah Inisiatif Jalur dan Laluan (BRI) beri faedah optimum.

YB Anthony Loke
Menteri Pengangkutan

#KKD #MalaysiaMADANI https://t.co/IsdZR7gkQ3",274818125,16,"{'quote_count': 0, 'retweet_count': 6, 'like_count': 10, 'reply_count': 0, 'view_count': '847'}",komunikasi_gov,40992,269441,357,4659,12537,Thu Mar 31 02:39:34 +0000 2011,Media Sosial Rasmi Kementerian Komunikasi,1714950910529642935,2023-10-19 10:25:33,https://pbs.twimg.com/profile_images/1735223167944392705/_8GQQZM__normal.jpg,https://twitter.com/komunikasi_gov/status/1714950910529642935,"Presint 4, Putrajaya",positive,China,"China is implied through the BRI infrastructure projects. The post stresses Malaysia's commitment to maximizing benefits from these projects, reflecting a positive and pragmatic sentiment towards China.",happiness,Malaysia,"""Presint 4, Putrajaya"" is a federal administrative area in Malaysia, and the description is in Malay referencing a Malaysian ministry.",my,"[2.5, 112.5]",Organization,The account is the official social media of a government ministry.,https://pbs.twimg.com/media/F8y6wrQaEAAvkul.jpg
twitter,"Inisiatif Jalur dan Laluan (BRI) yang diketengahkan Presiden China Xi  Jinping hadir tepat pada masanya dan telah mencapai kemajuan positif,  kata Presiden Rusia Vladimir Putin.

#AWANInews 
#AWANI745 

https://t.co/s8diXDiU7E",497665754,12,"{'quote_count': 0, 'retweet_count': 1, 'like_count': 8, 'reply_count': 3, 'view_count': '12912'}",501Awani,619849,3832821,361,1588,196084,Mon Feb 20 07:13:13 +0000 2012,Jenama berita paling dipercayai di Malaysia.  Astro AWANI Network Sdn. Bhd. 200001032668(535275-D),1716374492602126801,2023-10-23 08:42:22,https://pbs.twimg.com/profile_images/2035151392634195968/NlH8gTbv_normal.jpg,https://twitter.com/501Awani/status/1716374492602126801,Malaysia,positive,China,"China is mentioned explicitly with a quote from Russia's president praising China's BRI initiative. The tone is positive and supportive, reflecting international approval of China's role.",happiness,Malaysia,"The user is located in Malaysia and is part of a trusted news brand in the country, indicating a Malaysian origin.",my,"[2.5, 112.5]",Organization,The username and description suggest that this account belongs to a news organization in Malaysia.,
twitter,"Presiden Xi Jinping berkata China akan memberi penekanan kepada lapan  aspek utama untuk menggalakkan pembangunan bersama Inisiatif Jalur dan  Laluan (BRI) yang berkualiti tinggi.

#AWANInews 
#AWANI745 

https://t.co/u7ceFuwL38",497665754,9,"{'quote_count': 0, 'retweet_count': 1, 'like_count': 8, 'reply_count': 0, 'view_count': '10290'}",501Awani,619849,3832821,361,1588,196084,Mon Feb 20 07:13:13 +0000 2012,Jenama berita paling dipercayai di Malaysia.  Astro AWANI Network Sdn. Bhd. 200001032668(535275-D),1714575197607780411,2023-10-18 09:32:37,https://pbs.twimg.com/profile_images/2035151392634195968/NlH8gTbv_normal.jpg,https://twitter.com/501Awani/status/1714575197607780411,Malaysia,neutral,China,"China is directly referenced through President Xi Jinping's statements on BRI development priorities. The post is neutral-positive, focusing on China's strategic plans without criticism.",neutral,Malaysia,"The user is located in Malaysia and is part of a trusted news brand in the country, indicating a Malaysian origin.",my,"[2.5, 112.5]",Organization,The username and description suggest that this account belongs to a news organization in Malaysia.,
twitter,Projek di bawah kerangka Inisiatif Jalur dan Laluan (BRI) menjadi permulaan yang baik. https://t.co/WLMJdF4Nj4,91965564,9,"{'quote_count': 0, 'retweet_count': 2, 'like_count': 7, 'reply_count': 0, 'view_count': 0}",harakahdailyHD,143181,158506,70,3318,13608,Mon Nov 23 08:30:56 +0000 2009,"Portal media dalam talian untuk rakyat Malaysia. 
Berita politik, agama, nasional, kebajikan dan pelbagai rencana ilmu menarik. 
Benar & Inklusif.",1370600736795492356,2021-03-13 05:00:54,https://pbs.twimg.com/profile_images/1759490732921126912/MMK0w7yR_normal.jpg,https://twitter.com/harakahdailyHD/status/1370600736795492356,"Jalan Pahang Barat, KL",neutral,China,"China is implied via the BRI framework. The post describes BRI projects as a good start, indicating a cautiously positive or neutral sentiment towards China.",neutral,Malaysia,"The location ""Jalan Pahang Barat, KL"" and Malay language description clearly indicate Malaysia.",my,"[2.5, 112.5]",Media,"Described as an online portal providing political, religious, and national news with inclusive and truthful content.",
twitter,"📌 Dasar luar Malaysia-China dibentuk oleh visi yang jelas kedua-dua negara dan Kepaksian ASEAN.

📌 China merupakan rakan kongsi yang rasional, kukuh dan boleh dipercayai.

📌 Malaysia tidak sabar menanti Sidang Kemuncak ASEAN-GCC-China pertama pada Mei disusuli Sidang Kemuncak ASEAN-AS.

📌 Inisiatif Jalur dan Laluan tafsir semula ketersambungan bukan sebagai rangkaian jalan dan rel, tetapi sebagai kerangka kerjasama.

-- PM @anwaribrahim 

#BernamaNews #Malaysia #China",106669711,7,"{'quote_count': 0, 'retweet_count': 2, 'like_count': 5, 'reply_count': 0, 'view_count': '1438'}",bernamadotcom,570715,1155592,269,137,335994,Wed Jan 20 08:28:02 +0000 2010,"Agensi Berita Nasional Malaysia, sejak 1967 / The Malaysian National News Agency, since 1967 - SUMBER BERITA KEPERCAYAAN ANDA / YOUR TRUSTED NEWS SOURCE",1912466060017823816,2025-04-16 11:45:07,https://pbs.twimg.com/profile_images/1187261063651160064/jpgQiS01_normal.jpg,https://twitter.com/bernamadotcom/status/1912472318649258339,"Kuala Lumpur, Malaysia",positive,China,"China is explicitly mentioned as a rational, strong, and reliable partner in Malaysia's foreign policy. The post is highly positive, emphasizing trust and cooperation.",happiness,Malaysia,"The location is Kuala Lumpur, Malaysia.",my,"[2.5, 112.5]",Organization,The user describes the news agency.,
twitter,"#BHdunia Ibu kota wilayah Tibet itu mahu memperkasakan keterlibatannya dalam Inisiatif Jalur dan Laluan

https://t.co/RJWA2glBoI",63070483,7,"{'quote_count': 0, 'retweet_count': 2, 'like_count': 5, 'reply_count': 0, 'view_count': '2937'}",bharianmy,770494,1703062,369,551,205234,Wed Aug 05 08:06:17 +0000 2009,"Ikuti kami juga di 
FB: https://t.co/dioSnUy5Jf 
LUMI: https://t.co/K2cNrQ0K0N
The New Straits Times Press (Malaysia) Berhad (Co. No. 196101000449 / 4485 H)",1676935616859197442,2023-07-06 12:46:21,https://pbs.twimg.com/profile_images/1784632184139284480/4Wtndad-_normal.jpg,https://twitter.com/bharianmy/status/1676935616859197442,Malaysia,neutral,China,"China is implied through Tibet's involvement in the BRI. The post neutrally reports Tibet's intent to strengthen participation, reflecting neutral sentiment towards China.",neutral,Malaysia,The mention of Malaysia in the user description.,my,"[2.5, 112.5]",Organization,The user description suggests a news outlet or platform.,
twitter,Diskusi dan analisis pasca penyertaan Malaysia di Ekspo Import Antarabangsa China (CIIE) 2024 dan kepentingan kerjasama Inisiatif Jalur dan Laluan (BRI) dalam #AWANIGlobal. #AWANInews https://t.co/nmVL6kdFJ4,497665754,5,"{'quote_count': 0, 'retweet_count': 1, 'like_count': 4, 'reply_count': 0, 'view_count': '9234'}",501Awani,619849,3832821,361,1588,196084,Mon Feb 20 07:13:13 +0000 2012,Jenama berita paling dipercayai di Malaysia.  Astro AWANI Network Sdn. Bhd. 200001032668(535275-D),1858132985037619629,2024-11-17 13:00:00,https://pbs.twimg.com/profile_images/2035151392634195968/NlH8gTbv_normal.jpg,https://twitter.com/501Awani/status/1858132985037619629,Malaysia,neutral,China,"China is mentioned as the host of the international expo and the BRI cooperation. The post neutrally discusses Malaysia's participation and the importance of cooperation, showing neutral-positive sentiment.",neutral,Malaysia,"The user is located in Malaysia and is part of a trusted news brand in the country, indicating a Malaysian origin.",my,"[2.5, 112.5]",Organization,The username and description suggest that this account belongs to a news organization in Malaysia.,
twitter,Zon Ekonomi Khas Johor-Singapura juga bertujuan melengkapkan inisiatif Jalur dan Laluan (BRI) dan menaikkan keyakinan pelabur terhadap negeri Johor dan negara secara keseluruhan. https://t.co/Gm0pUAXC6W,198736746,5,"{'quote_count': 0, 'retweet_count': 1, 'like_count': 4, 'reply_count': 0, 'view_count': '84'}",MCAHQ,40339,9789,574,24595,13481,Tue Oct 05 03:03:44 +0000 2010,The official X account of Malaysian Chinese Association (MCA),1738046708846673981,2023-12-22 04:00:01,https://pbs.twimg.com/profile_images/1995129064529735680/RMuF8cWM_normal.jpg,https://twitter.com/MCAHQ/status/1738046708846673981,Malaysia,positive,China,"China is implied through the BRI, with the post highlighting a special economic zone complementing the initiative and boosting investor confidence. The tone is positive and supportive.",happiness,Malaysia,The user's username and description indicate an affiliation with the Malaysian Chinese Association.,my,"[2.5, 112.5]",Organization,"The user description ""The official Twitter account of Malaysian Chinese Association (MCA)"" suggests that this account represents a political organization.",https://pbs.twimg.com/media/GB3B1FOa0AA8HCK.jpg
twitter,"Lawatan Xi Jinping kukuh peranan Malaysia sebagai kuasa pertengahan serantau

#BHBisnes Beri isyarat jelas bahawa Malaysia bukan sekadar destinasi dalam naratif Inisiatif Jalur dan Laluan (BRI), sebaliknya dianggap rakan kongsi utama dalam strategi serantau Beijing

https://t.co/ijKYeRrcN9",63070483,4,"{'quote_count': 0, 'retweet_count': 0, 'like_count': 3, 'reply_count': 1, 'view_count': '1538'}",bharianmy,770494,1703062,369,551,205234,Wed Aug 05 08:06:17 +0000 2009,"Ikuti kami juga di 
FB: https://t.co/dioSnUy5Jf 
LUMI: https://t.co/K2cNrQ0K0N
The New Straits Times Press (Malaysia) Berhad (Co. No. 196101000449 / 4485 H)",1912871943470235932,2025-04-17 14:13:05,https://pbs.twimg.com/profile_images/1784632184139284480/4Wtndad-_normal.jpg,https://twitter.com/bharianmy/status/1912871943470235932,Malaysia,positive,China,"China is explicitly mentioned in relation to Xi Jinping's visit and Malaysia's role as a key partner in the BRI regional strategy. The tone is positive, emphasizing Malaysia's elevated status and partnership with China.",happiness,Malaysia,The mention of Malaysia in the user description.,my,"[2.5, 112.5]",Organization,The user description suggests a news outlet or platform.,
twitter,"Inisiatif jalur dan laluan terus pacu pembangunan Malaysia - Menteri Pengangkutan @anthonyloke 

https://t.co/oihbeoDsqK

#BernamaNews https://t.co/hICQu9CjMD",106669711,3,"{'quote_count': 0, 'retweet_count': 0, 'like_count': 3, 'reply_count': 0, 'view_count': '1954'}",bernamadotcom,570715,1155592,269,137,335994,Wed Jan 20 08:28:02 +0000 2010,"Agensi Berita Nasional Malaysia, sejak 1967 / The Malaysian National News Agency, since 1967 - SUMBER BERITA KEPERCAYAAN ANDA / YOUR TRUSTED NEWS SOURCE",1722848689084137575,2023-11-10 05:28:31,https://pbs.twimg.com/profile_images/1187261063651160064/jpgQiS01_normal.jpg,https://twitter.com/bernamadotcom/status/1722848689084137575,"Kuala Lumpur, Malaysia",positive,China,"China is implied through the BRI, with the post quoting a Malaysian minister on how the initiative drives Malaysia's development. The tone is positive and supportive.",happiness,Malaysia,"The location is Kuala Lumpur, Malaysia.",my,"[2.5, 112.5]",Organization,The user describes the news agency.,https://pbs.twimg.com/media/F-jJwA1aIAA8Khv.jpg
twitter,"Projek itu sekali gus memaparkan manfaat kerjasama inisiatif Jalur dan Laluan (BRI) kepada negara-negara ASEAN.

#AWANInews
#AWANI745 

https://t.co/SliQXSHSd8",497665754,4,"{'quote_count': 1, 'retweet_count': 0, 'like_count': 3, 'reply_count': 0, 'view_count': '5419'}",501Awani,619849,3832821,361,1588,196084,Mon Feb 20 07:13:13 +0000 2012,Jenama berita paling dipercayai di Malaysia.  Astro AWANI Network Sdn. Bhd. 200001032668(535275-D),1706923446373158954,2023-09-27 06:47:17,https://pbs.twimg.com/profile_images/2035151392634195968/NlH8gTbv_normal.jpg,https://twitter.com/501Awani/status/1706923446373158954,Malaysia,positive,China,"China is implied via the BRI, with the post highlighting benefits of cooperation to ASEAN countries. The tone is positive and optimistic.",happiness,Malaysia,"The user is located in Malaysia and is part of a trusted news brand in the country, indicating a Malaysian origin.",my,"[2.5, 112.5]",Organization,The username and description suggest that this account belongs to a news organization in Malaysia.,
twitter,"Fokus utama pertemuan ini adalah untuk memperkukuh kerjasama dua hala dalam politik, ekonomi; kerjasama perdagangan antara Malaysia dan China; inisiatif Jalur dan Laluan atau 'Belt and Road' (BRI); serta hubungan MCA-CPC yang telah pun terjalin lama sejak 1994 lagi. https://t.co/IPVvi9WnzS",118643857,5,"{'quote_count': 0, 'retweet_count': 1, 'like_count': 3, 'reply_count': 1, 'view_count': '218'}",weekasiongmp,15098,38343,1520,375,4338,Mon Mar 01 09:43:27 +0000 2010,"MCA President, MP for Ayer Hitam, Former Minister of Transport Malaysia",1641387559711559681,2023-03-30 10:31:05,https://pbs.twimg.com/profile_images/1238293605434814465/IzyEk0Wr_normal.jpg,https://twitter.com/weekasiongmp/status/1641387562454614018,"ÜT: 2.714555,101.915092",positive,China,"China is explicitly mentioned in the context of bilateral cooperation and the BRI. The post highlights long-standing political and economic ties, reflecting a positive and collaborative sentiment.",happiness,Malaysia,The coordinates point to Malaysia and the user is identified as MCA President and Malaysian MP.,my,"[2.5, 112.5]",Individual,"Identified as MCA President and Member of Parliament, clearly a personal political figure.",https://pbs.twimg.com/media/Fsdgy67aYAMAfyo.jpg
twitter,Hentikan persepsi negatif terhadap Inisiatif Jalur dan Laluan https://t.co/vzyo25APKD,18714463,5,"{'quote_count': 1, 'retweet_count': 1, 'like_count': 3, 'reply_count': 0, 'view_count': '3287'}",mkini_bm,241769,722666,193,44,100000,Wed Jan 07 07:26:04 +0000 2009,"Twitter rasmi Malaysiakini versi Bahasa Malaysia.
Mkini Dotcom Sdn Bhd - 199901014818 (489718-U)

Telegram: https://t.co/msLPIbaXqQ",1628292301201059840,2023-02-22 07:15:11,https://pbs.twimg.com/profile_images/1363058490252554242/kw6FvFjf_normal.jpg,https://twitter.com/mkini_bm/status/1628292301201059840,Kuala Lumpur,positive,China,"China is implied through the BRI. The post calls to stop negative perceptions about the initiative, indicating a defensive but overall positive stance towards China.",anger,Malaysia,"The location is Kuala Lumpur, which is in Malaysia, and the user description mentions Malaysiakini, a Malaysian news website.",my,"[2.5, 112.5]",Organization,"The user represents a Malaysian news outlet, indicating a media account.",
twitter,"Hari ini (14 Mei) genapnya sempena 5 tahun Forum Kerjasama Antarabangsa Jalur dan Laluan (BRF). Apa manfaat paling signifikan bagi negara yang menyertai inisiatif BRI demi memacu pembangunan bersama di peringkat serantau?

Saksikan #AgendaAWANIAsia Sabtu 9 malam di Astro AWANI. https://t.co/Yw1yfa2uRT",497665754,4,"{'quote_count': 0, 'retweet_count': 1, 'like_count': 3, 'reply_count': 0, 'view_count': 0}",501Awani,619849,3832821,361,1588,196084,Mon Feb 20 07:13:13 +0000 2012,Jenama berita paling dipercayai di Malaysia.  Astro AWANI Network Sdn. Bhd. 200001032668(535275-D),1525325483784966144,2022-05-14 04:01:49,https://pbs.twimg.com/profile_images/2035151392634195968/NlH8gTbv_normal.jpg,https://twitter.com/501Awani/status/1525325483784966144,Malaysia,neutral,China,"China is implied via the BRI forum anniversary. The post neutrally questions the benefits of the initiative for member countries, showing a neutral and inquisitive tone.",surprise,Malaysia,"The user is located in Malaysia and is part of a trusted news brand in the country, indicating a Malaysian origin.",my,"[2.5, 112.5]",Organization,The username and description suggest that this account belongs to a news organization in Malaysia.,https://pbs.twimg.com/media/FSsLcOlakAA6rvQ.jpg
twitter,"Perdana Menteri berucap dalam Majlis Perasmian Pameran Import dan Eksport China (CANTON FAIR) ke 130 secara maya.
Malaysia antara negara pertama menyokong insiatif jalur dan laluan yang diasaskan China.
@IsmailSabri60
#KeluargaMalaysia
#BekerjaBersamaRakyat
#IsmailSabriPMKita https://t.co/ORWX7MIyrR",236849525,4,"{'quote_count': 0, 'retweet_count': 1, 'like_count': 3, 'reply_count': 0, 'view_count': 0}",hasliani77,1410,514,623,1663,362,Tue Jan 11 14:22:35 +0000 2011,#KeluargaMalaysia,1448641498656821258,2021-10-14 13:27:02,https://pbs.twimg.com/profile_images/1494576111929663494/h4d_tlY7_normal.jpg,https://twitter.com/hasliani77/status/1448641498656821258,Permatang Pauh,positive,China,China is explicitly mentioned as the founder of the BRI and host of the Canton Fair. The post positively highlights Malaysia's early support and cooperation with China.,happiness,Malaysia,Permatang Pauh is a well-known parliamentary constituency in Malaysia.,my,"[2.5, 112.5]",Individual,"Uses a personal hashtag (#KeluargaMalaysia) and location, with no organizational description.",https://pbs.twimg.com/media/FBqbwOcVIAIV9dE.jpg
twitter,"#BHBisnes Kedua-dua negara bersetuju menjadi peneraju serantau menggalakkan pelaksanaan Pelan Kerjasama Inisiatif Jalur dan Laluan (yang ditandatangani pada 2024) serta menyelaraskan lagi strategi pembangunan.

https://t.co/hypXBRTpPU",63070483,2,"{'quote_count': 0, 'retweet_count': 0, 'like_count': 2, 'reply_count': 0, 'view_count': '836'}",bharianmy,770494,1703062,369,551,205234,Wed Aug 05 08:06:17 +0000 2009,"Ikuti kami juga di 
FB: https://t.co/dioSnUy5Jf 
LUMI: https://t.co/K2cNrQ0K0N
The New Straits Times Press (Malaysia) Berhad (Co. No. 196101000449 / 4485 H)",1912770055516934502,2025-04-17 07:28:13,https://pbs.twimg.com/profile_images/1784632184139284480/4Wtndad-_normal.jpg,https://twitter.com/bharianmy/status/1912770055516934502,Malaysia,positive,China,"China is explicitly mentioned in the context of a cooperation plan signed with Malaysia under the BRI. The post is positive, emphasizing leadership and strategic alignment.",happiness,Malaysia,The mention of Malaysia in the user description.,my,"[2.5, 112.5]",Organization,The user description suggests a news outlet or platform.,
twitter,"CIIE merupakan inisiatif China untuk menyediakan satu platform kepada negara yang terlibat dalam Inisiatif Jalur dan Laluan (BRI), bagi mempromosi dan mengeksport barangan dan perkhidmatan ke negara itu.",21309412,2,"{'quote_count': 0, 'retweet_count': 0, 'like_count': 2, 'reply_count': 0, 'view_count': '126'}",cheanchung,10360,6965,811,778,3162,Thu Feb 19 15:48:55 +0000 2009,"MP  #PetalingJaya
Central Committee Member of KEADILAN | Chairman of CROSS| 🇲🇾Volunteer of #AyuhMalaysia | Former ADUN Semambu |",1853997538262806922,2024-11-06 03:07:48,https://pbs.twimg.com/profile_images/1938217707276800000/BoviGPDP_normal.jpg,https://twitter.com/cheanchung/status/1853997683922649372,"Petaling, Selangor",neutral,China,"China is explicitly mentioned as the initiator of the CIIE and BRI. The post neutrally explains the initiative's purpose as a platform for trade promotion, reflecting neutral sentiment.",neutral,Malaysia,"The location ""Petaling, Selangor"" and references to Malaysian political parties and constituencies confirm Malaysia.",my,"[2.5, 112.5]",Individual,The account is of a named politician with specific roles and affiliations.,
twitter,"PM @anwaribrahim dan rakan sejawatnya dari China Li Qiang menyaksikan pertukaran dokumen antara Malaysia dan China berkaitan Pelan Kerjasama Inisiatif Jalur dan Laluan (BRI)
#BernamaBiz
https://t.co/XTqGq8Bnwa",1669645679818608640,4,"{'quote_count': 0, 'retweet_count': 2, 'like_count': 2, 'reply_count': 0, 'view_count': '1202'}",BernamaBiz,41048,1791,144,176,19903,Fri Jun 16 09:59:38 +0000 2023,Business and Finance news from Bernama,1853787605357539691,2024-11-05 13:13:01,https://pbs.twimg.com/profile_images/1719669264062562304/COX8e-y6_normal.jpg,https://twitter.com/BernamaBiz/status/1853787605357539691,Kuala Lumpur,positive,China,"China is explicitly mentioned in the context of a cooperation plan signing witnessed by leaders of Malaysia and China. The tone is formal and positive, emphasizing partnership.",happiness,Malaysia,The location is Kuala Lumpur.,my,"[2.5, 112.5]",Organization,The account represents a news outlet providing business and finance news.,
twitter,"Kerajaan gagal pertahan pengharaman ke atas komik ‘komunis’ oleh Bekas Tokoh DAP, “Superman” Hew Kuan Yew mengenai inisiatif Jalur dan Laluan China. 

Penuh di: https://t.co/FED8YWNdYe",1349585522042183681,4,"{'quote_count': 0, 'retweet_count': 2, 'like_count': 2, 'reply_count': 0, 'view_count': 0}",MySamudera,18187,16727,221,10317,5253,Thu Jan 14 05:14:10 +0000 2021,Portal Berita | Isu Dalam & Luar Negara |“Melayar Samudera Merentas Segala Dimensi”,1601040078025129985,2022-12-09 02:24:35,https://pbs.twimg.com/profile_images/1676432921413181440/m1oDgDRh_normal.jpg,https://twitter.com/MySamudera/status/1601040078025129985,,negative,China,China is explicitly mentioned in a critical context regarding the banning of a communist comic related to the BRI. The post reflects a negative sentiment towards China and its ideological influence.,anger,Malaysia,"The Malay language description and phrase ""Melayar Samudera"" suggest Malaysian origin.",my,"[2.5, 112.5]",Media,Described as a news portal covering domestic and international issues.,
twitter,"Malaysia sedia kerjasama dengan negara-negara rakan Inisiatif Jalur dan Laluan (BRI) bagi mewujudkan sebuah konsortium penyelidikan.

https://t.co/DnbMO3SmnM

#AWANInews #AWANIpagi",497665754,2,"{'quote_count': 0, 'retweet_count': 1, 'like_count': 1, 'reply_count': 0, 'view_count': '2742'}",501Awani,619849,3832821,361,1588,196084,Mon Feb 20 07:13:13 +0000 2012,Jenama berita paling dipercayai di Malaysia.  Astro AWANI Network Sdn. Bhd. 200001032668(535275-D),1933282483128447190,2025-06-12 21:57:17,https://pbs.twimg.com/profile_images/2035151392634195968/NlH8gTbv_normal.jpg,https://twitter.com/501Awani/status/1933282483128447190,Malaysia,positive,China,"China is implied through the BRI. The post highlights Malaysia's readiness to cooperate with BRI partner countries in research, showing a positive and collaborative sentiment.",happiness,Malaysia,"The user is located in Malaysia and is part of a trusted news brand in the country, indicating a Malaysian origin.",my,"[2.5, 112.5]",Organization,The username and description suggest that this account belongs to a news organization in Malaysia.,
twitter,"Malaysia menyokong integrasi yang lebih menyeluruh di bawah Inisiatif Jalur dan Laluan (BRI) bagi membangunkan sumber mineral secara mampan melalui integrasi serantau untuk kemakmuran bersama.

https://t.co/E13S6CKXan

#AWANInews #AWANIpagi",497665754,1,"{'quote_count': 0, 'retweet_count': 0, 'like_count': 1, 'reply_count': 0, 'view_count': '3291'}",501Awani,619849,3832821,361,1588,196084,Mon Feb 20 07:13:13 +0000 2012,Jenama berita paling dipercayai di Malaysia.  Astro AWANI Network Sdn. Bhd. 200001032668(535275-D),1926042329976082790,2025-05-23 22:27:30,https://pbs.twimg.com/profile_images/2035151392634195968/NlH8gTbv_normal.jpg,https://twitter.com/501Awani/status/1926042329976082790,Malaysia,positive,China,"China is implied via the BRI, with the post emphasizing Malaysia's support for sustainable resource development under the initiative. The tone is positive and forward-looking.",happiness,Malaysia,"The user is located in Malaysia and is part of a trusted news brand in the country, indicating a Malaysian origin.",my,"[2.5, 112.5]",Organization,The username and description suggest that this account belongs to a news organization in Malaysia.,
twitter,"Penyiapan ECRL tingkat pembangunan Pantai Timur, tarik lebih banyak pelaburan dari China

#BHnasional Presiden Kaukus Inisiatif Jalur dan Laluan untuk Asia Pasifik (BRICAP), Tan Sri Ong Tee Keat berkata projek ini dijangka meningkatkan hubungan logistik di antara pantai Barat dengan Timur Semenanjung

https://t.co/oNLQPyeL75",63070483,1,"{'quote_count': 0, 'retweet_count': 0, 'like_count': 1, 'reply_count': 0, 'view_count': '809'}",bharianmy,770494,1703062,369,551,205234,Wed Aug 05 08:06:17 +0000 2009,"Ikuti kami juga di 
FB: https://t.co/dioSnUy5Jf 
LUMI: https://t.co/K2cNrQ0K0N
The New Straits Times Press (Malaysia) Berhad (Co. No. 196101000449 / 4485 H)",1916768236957491684,2025-04-28 08:15:34,https://pbs.twimg.com/profile_images/1784632184139284480/4Wtndad-_normal.jpg,https://twitter.com/bharianmy/status/1916768236957491684,Malaysia,positive,China,"China is explicitly mentioned as a source of investment linked to the East Coast Rail Link (ECRL) project under the BRI. The post is positive, highlighting enhanced logistics and investment.",happiness,Malaysia,The mention of Malaysia in the user description.,my,"[2.5, 112.5]",Organization,The user description suggests a news outlet or platform.,https://pbs.twimg.com/media/Gpm6h2sagAEWnkc.jpg
twitter,"Inisiatif Jalur dan Laluan China bertujuan menghubungkan 65 negara di seluruh dunia melalui pembangunan infrastruktur digital dan fizikal.

#AWANInews #AWANI745

https://t.co/FmmeXbqk7p",497665754,1,"{'quote_count': 0, 'retweet_count': 0, 'like_count': 1, 'reply_count': 0, 'view_count': '3134'}",501Awani,619849,3832821,361,1588,196084,Mon Feb 20 07:13:13 +0000 2012,Jenama berita paling dipercayai di Malaysia.  Astro AWANI Network Sdn. Bhd. 200001032668(535275-D),1886328390543606099,2025-02-03 08:18:29,https://pbs.twimg.com/profile_images/2035151392634195968/NlH8gTbv_normal.jpg,https://twitter.com/501Awani/status/1886328390543606099,Malaysia,neutral,China,"China is explicitly mentioned as the initiator of the BRI, aiming to connect many countries through infrastructure development. The post is neutral-positive, informative without critique.",neutral,Malaysia,"The user is located in Malaysia and is part of a trusted news brand in the country, indicating a Malaysian origin.",my,"[2.5, 112.5]",Organization,The username and description suggest that this account belongs to a news organization in Malaysia.,
twitter,"Diskusi dan analisis pasca penyertaan Malaysia di Ekspo Import Antarabangsa China (CIIE) 2024 dan kepentingan kerjasama Inisiatif Jalur dan Laluan (BRI) dalam #AWANIGlobal jam 9 malam ini.

#AWANInews https://t.co/EKiMaCXLpA",497665754,1,"{'quote_count': 0, 'retweet_count': 0, 'like_count': 1, 'reply_count': 0, 'view_count': '3386'}",501Awani,619849,3832821,361,1588,196084,Mon Feb 20 07:13:13 +0000 2012,Jenama berita paling dipercayai di Malaysia.  Astro AWANI Network Sdn. Bhd. 200001032668(535275-D),1857962777337540881,2024-11-17 01:43:40,https://pbs.twimg.com/profile_images/2035151392634195968/NlH8gTbv_normal.jpg,https://twitter.com/501Awani/status/1857962777337540881,Malaysia,positive,China,"The post discusses Malaysia's participation in the China International Import Expo (CIIE) 2024 and the importance of cooperation under China's Belt and Road Initiative (BRI). It reflects a positive and cooperative sentiment towards China, emphasizing partnership and mutual benefit.",happiness,Malaysia,"The user is located in Malaysia and is part of a trusted news brand in the country, indicating a Malaysian origin.",my,"[2.5, 112.5]",Organization,The username and description suggest that this account belongs to a news organization in Malaysia.,https://pbs.twimg.com/media/GcjPRlbawAAwAxp.jpg
twitter,"#BuletinBernama: Dalam pada itu, Datuk Seri Anwar Ibrahim dan rakan sejawatnya dari China Li Qiang menyaksikan pertukaran dokumen antara Malaysia dan China berkaitan Pelan Kerjasama Inisiatif Jalur dan Laluan (BRI).
#digitalbernamatv #malaysia #china https://t.co/2utrc5BzRf",196460981,1,"{'quote_count': 0, 'retweet_count': 0, 'like_count': 1, 'reply_count': 0, 'view_count': '453'}",BernamaTV,285451,322902,381,1595,105118,Wed Sep 29 04:24:04 +0000 2010,"Official Twitter for #BernamaTV. Watch BERNAMA on Astro 502, unifi TV 631, myFreeview 121, FB and YouTube Live.",1853828122271195473,2024-11-05 15:54:01,https://pbs.twimg.com/profile_images/1276131924356956161/OIuHJpjr_normal.jpg,https://twitter.com/BernamaTV/status/1853828122271195473,Kuala Lumpur,positive,China,"The post mentions a formal document exchange between Malaysia and China related to the BRI, highlighting diplomatic and cooperative ties. The tone is neutral-positive, focusing on collaboration.",happiness,Malaysia,"The location is Kuala Lumpur, Malaysia.",my,"[2.5, 112.5]",Organization,The username and description indicate an official account for a TV channel.,
twitter,"""Jika dirancang dan dilaksanakan denga betul, kami mampu memacu kawasan ini untuk menjadikan wilayah ini sebagai tumpuan Inisiatif Jalur dan Laluan (BRI) yang merangkumi prinsip ketersambungan, kerjasama dan manfaat bersama."" - YB Lee Ting Han.

#MajuJohor #BangsaJohor https://t.co/jRSpPQ4mdW",198736746,1,"{'quote_count': 0, 'retweet_count': 0, 'like_count': 1, 'reply_count': 0, 'view_count': '80'}",MCAHQ,40339,9789,574,24595,13481,Tue Oct 05 03:03:44 +0000 2010,The official X account of Malaysian Chinese Association (MCA),1734732364897485304,2023-12-13 00:30:00,https://pbs.twimg.com/profile_images/1995129064529735680/RMuF8cWM_normal.jpg,https://twitter.com/MCAHQ/status/1734732364897485304,Malaysia,positive,China,"The post quotes a Malaysian politician emphasizing the potential of the BRI to drive regional development based on connectivity, cooperation, and mutual benefit. It shows a positive and hopeful sentiment towards China and the BRI.",happiness,Malaysia,The user's username and description indicate an affiliation with the Malaysian Chinese Association.,my,"[2.5, 112.5]",Organization,"The user description ""The official Twitter account of Malaysian Chinese Association (MCA)"" suggests that this account represents a political organization.",https://pbs.twimg.com/media/GBIDdgWaUAA7vus.jpg
twitter,"Inisiatif Jalur dan Laluan terus pacu pembangunan Malaysia, kata Loke https://t.co/YFIsiMMBdu",828978119138701312,2,"{'quote_count': 0, 'retweet_count': 1, 'like_count': 1, 'reply_count': 0, 'view_count': '731'}",msianinsight,343323,179064,11,53,48385,Tue Feb 07 14:46:00 +0000 2017,"The Malaysian Insight provides unvarnished insight into Malaysia, its politics, economy, personalities and its daily life",1722841665399062908,2023-11-10 05:00:36,https://pbs.twimg.com/profile_images/1227118629549817856/VknoKVUp_normal.jpg,https://twitter.com/msianinsight/status/1722841665399062908,Kuala Lumpur City,positive,China,"The post states that the BRI continues to drive Malaysia's development, reflecting a positive view of China's initiative and its impact on Malaysia.",happiness,Malaysia,The location 'Kuala Lumpur City' and the mention of Malaysian politics suggest a likely origin in Malaysia.,my,"[2.5, 112.5]",Media,"The account belongs to The Malaysian Insight, providing insight into Malaysia.",
twitter,"Sejauhmana kejayaan, komitmen dan saranan negara ahli untuk memperkasa kerjasama BRI sejak sedekad lalu? 

Ikuti diskusi dan analisis sempena Forum Kerjasama Antarabangsa Jalur dan Laluan (BRF) ke-3 yang telah diadakan di Beijing baru-baru ini. https://t.co/0ppcPHiekx",497665754,1,"{'quote_count': 0, 'retweet_count': 0, 'like_count': 1, 'reply_count': 0, 'view_count': '9388'}",501Awani,619849,3832821,361,1588,196084,Mon Feb 20 07:13:13 +0000 2012,Jenama berita paling dipercayai di Malaysia.  Astro AWANI Network Sdn. Bhd. 200001032668(535275-D),1715714552615043199,2023-10-21 13:00:00,https://pbs.twimg.com/profile_images/2035151392634195968/NlH8gTbv_normal.jpg,https://twitter.com/501Awani/status/1715714552615043199,Malaysia,positive,China,"The post discusses a forum held in Beijing on BRI cooperation, indicating ongoing commitment and interest in strengthening ties with China. The tone is neutral-positive and cooperative.",happiness,Malaysia,"The user is located in Malaysia and is part of a trusted news brand in the country, indicating a Malaysian origin.",my,"[2.5, 112.5]",Organization,The username and description suggest that this account belongs to a news organization in Malaysia.,
twitter,"Malaysia komited memastikan projek infrastruktur di bawah Inisiatif Jalur dan Laluan (BRI) akan memberi faedah optimum kepada negara.

#AWANInews #AWANIpagi

https://t.co/ercGVO4Qu9",497665754,1,"{'quote_count': 0, 'retweet_count': 0, 'like_count': 1, 'reply_count': 0, 'view_count': '7810'}",501Awani,619849,3832821,361,1588,196084,Mon Feb 20 07:13:13 +0000 2012,Jenama berita paling dipercayai di Malaysia.  Astro AWANI Network Sdn. Bhd. 200001032668(535275-D),1714737129639837867,2023-10-18 20:16:04,https://pbs.twimg.com/profile_images/2035151392634195968/NlH8gTbv_normal.jpg,https://twitter.com/501Awani/status/1714737129639837867,Malaysia,positive,China,"The post highlights Malaysia's commitment to ensuring BRI infrastructure projects benefit the country optimally, reflecting a positive and pragmatic sentiment towards China and the initiative.",happiness,Malaysia,"The user is located in Malaysia and is part of a trusted news brand in the country, indicating a Malaysian origin.",my,"[2.5, 112.5]",Organization,The username and description suggest that this account belongs to a news organization in Malaysia.,
twitter,"Datuk Seri Anwar memilih secara terbuka mengumumkan sokongan kepada China dan kepimpinan Presiden Xi Jinping dengan Inisiatif Jalur dan Laluan (BRI) beliau.

https://t.co/uvXFV08Glo

#HarakahDaily #MalaysiaSejahtera #PNBest #BersihStabil https://t.co/KevRGbQJ4e",1312810834100277250,1,"{'quote_count': 0, 'retweet_count': 0, 'like_count': 1, 'reply_count': 0, 'view_count': '38'}",DengkilPas,16393,57,45,4182,8113,Sun Oct 04 17:44:55 +0000 2020,PAS Menerajui Kesejahteraan Selangor.,1713848929258021251,2023-10-16 09:26:41,https://pbs.twimg.com/profile_images/1312811401686130688/dA-4SBpG_normal.png,https://twitter.com/DengkilPas/status/1713848929258021251,,positive,China,"The post openly supports China and President Xi Jinping's leadership in the BRI, showing a strong positive and supportive sentiment towards China.",happiness,Malaysia,"""PAS"" is a major political party in Malaysia and the description mentions Selangor, a Malaysian state.",my,"[2.5, 112.5]",Organization,"Represents PAS, a political party leading welfare in Selangor, indicating an organizational account.",https://pbs.twimg.com/media/F8jQhHIaMAAcqHi.jpg
twitter,"China akan melaksanakan persiapan dalam menjadi tuan rumah kepada wakil dari 130 negara bagi forum Inisiatif Jalur dan Laluan (BRI) China dengan isu di Palestin sebagai tumpuan utama.

Antara senarai jemputan adalah Presiden Rusia, Vladimir Putin, lapor AFP. 

@tvstvmy https://t.co/H657ylH243",1556533781330534401,4,"{'quote_count': 1, 'retweet_count': 1, 'like_count': 1, 'reply_count': 1, 'view_count': '4344'}",amirahshawel,1852,149,100,2769,366,Mon Aug 08 06:52:53 +0000 2022,kmk maca news pake @tvstvmy,1713808196153053280,2023-10-16 06:44:49,https://pbs.twimg.com/profile_images/1700135887823392768/yemW0WoZ_normal.jpg,https://twitter.com/amirahshawel/status/1713808196153053280,"Kuching, Sarawak",positive,China,"The post mentions China hosting a BRI forum with representatives from 130 countries, including focus on Palestine. It reflects China's global leadership role and portrays China positively as a host and agenda-setter.",surprise,Malaysia,"Kuching is the capital of Sarawak, Malaysia, and the mention of @tvstvmy (TV Sarawak) confirms this.",my,"[2.5, 112.5]",Individual,Mentions affiliation with a news outlet (@tvstvmy) but appears as a personal user.,https://pbs.twimg.com/media/F8irZvjagAAC8QD.jpg
twitter,"Pembinaan projek Laluan Rel Pantai Timur (ECRL) di Kelantan sudah mencapai kemajuan melebihi 40 peratus. ECRL ialah simbol Inisiatif Jalur dan Laluan (BRI) China - Menteri Kedutaan China di Malaysia 

https://t.co/HS6UnipUJQ https://t.co/2iWPlueQD5",43856742,2,"{'quote_count': 0, 'retweet_count': 1, 'like_count': 1, 'reply_count': 0, 'view_count': '402'}",Bernama_Radio,358932,113524,761,1140,162943,Mon Jun 01 09:07:01 +0000 2009,info@bernamaradio.com.my | Stesen Radio Untuk Anda,1628314903047184385,2023-02-22 08:45:00,https://pbs.twimg.com/profile_images/1640375435933655040/UCopEnMm_normal.jpg,https://twitter.com/Bernama_Radio/status/1628314903047184385,Malaysia,positive,China,"The post reports progress on the East Coast Rail Link (ECRL) project, a symbol of China's BRI in Malaysia, quoting a Chinese embassy official. The tone is neutral-positive, emphasizing cooperation and progress.",happiness,Malaysia,"The user mentions being from Malaysia in their description, indicating a likely origin in Malaysia.",my,"[2.5, 112.5]",Organization,The account represents a radio station.,https://pbs.twimg.com/media/FpjnMLKagAE865c.png
twitter,Jokowi dan Xi Jinping bakal berbincang mengenai kerjasama Inisiatif Jalur dan Laluan. https://t.co/92x5Npy9LB,822514562,2,"{'quote_count': 0, 'retweet_count': 1, 'like_count': 1, 'reply_count': 0, 'view_count': 0}",kosmo_online,324725,271935,144,401,32635,Fri Sep 14 02:00:22 +0000 2012,Media sosial rasmi laman web Kosmo! Online | onlinekosmo@mediamulia.com.my | Media Mulia Sdn. Bhd. 201801030285 (1292311-H),1547098968596922368,2022-07-13 06:01:52,https://pbs.twimg.com/profile_images/1787364379744481280/jrzyqs7J_normal.jpg,https://twitter.com/kosmo_online/status/1547098968596922368,Malaysia,positive,China,"The post mentions upcoming talks between Indonesian President Jokowi and Chinese President Xi Jinping on BRI cooperation, indicating positive diplomatic engagement involving China.",happiness,Malaysia,"The username is kosmo_online, and the user is associated with a Malaysian media company, indicating a connection to Malaysia.",my,"[2.5, 112.5]",Organization,Media outlet with official information and contact details.,
twitter,"Kerajaan perlu buka semula pintu kpd pelancong perniagaan dr rakan dagang serantau secara berperingkat2, terutama ASEAN, China &amp; negara2 Jalur dan Laluan dgn syarat keselamatan tertentu, sejajar dgn usaha utk buka lebih banyak sektor ekonomi - Persatuan Jalur dan Laluan Malaysia https://t.co/0RFFj8DFEq",43856742,1,"{'quote_count': 0, 'retweet_count': 0, 'like_count': 1, 'reply_count': 0, 'view_count': 0}",Bernama_Radio,358932,113524,761,1140,162943,Mon Jun 01 09:07:01 +0000 2009,info@bernamaradio.com.my | Stesen Radio Untuk Anda,1269480585627463680,2020-06-07 04:05:32,https://pbs.twimg.com/profile_images/1640375435933655040/UCopEnMm_normal.jpg,https://twitter.com/Bernama_Radio/status/1269480585627463680,Malaysia,positive,China,"The post advocates reopening business travel with China and other BRI countries under safety conditions, reflecting a positive and pragmatic approach to economic cooperation with China.",happiness,Malaysia,"The user mentions being from Malaysia in their description, indicating a likely origin in Malaysia.",my,"[2.5, 112.5]",Organization,The account represents a radio station.,https://pbs.twimg.com/media/EZ4Z0l8UwAATW7Y.jpg
twitter,"#ICYMI Malaysia menyatakan kesediaan bekerjasama dengan negara-negara rakan Inisiatif Jalur dan Laluan (BRI) bagi mewujudkan konsortium penyelidikan yang tertumpu kepada kerjasama dalam AI, blok rantai, integrasi ekonomi digital dan transisi tenaga hijau.

https://t.co/YYpvT5IaCD https://t.co/zxpnAHMeJe",43856742,0,"{'quote_count': 0, 'retweet_count': 0, 'like_count': 0, 'reply_count': 0, 'view_count': '106'}",Bernama_Radio,358932,113524,761,1140,162943,Mon Jun 01 09:07:01 +0000 2009,info@bernamaradio.com.my | Stesen Radio Untuk Anda,1933305818666975650,2025-06-12 23:30:00,https://pbs.twimg.com/profile_images/1640375435933655040/UCopEnMm_normal.jpg,https://twitter.com/Bernama_Radio/status/1933305818666975650,Malaysia,positive,China,"The post highlights Malaysia's readiness to collaborate with BRI countries including China on research and economic integration, showing a positive and forward-looking sentiment towards China.",happiness,Malaysia,"The user mentions being from Malaysia in their description, indicating a likely origin in Malaysia.",my,"[2.5, 112.5]",Organization,The account represents a radio station.,https://pbs.twimg.com/media/GtRtWqUaQAAk7Lb.jpg
twitter,"KUALA LUMPUR, 26 Mei - Hubungan pelancongan dan ekonomi antara Malaysia dan China terus diperkukuh menerusi penerbangan terus dari Lanzhou ke Kuala Lumpur oleh China Eastern Airlines yang memulakan operasi minggu lalu.

Penerbangan terus ini menggunakan pesawat Airbus A320 dengan kapasiti 156 tempat duduk, dan akan beroperasi tiga kali seminggu.

Lanzhou, ibu negeri Wilayah Gansu yang terletak di barat laut China, merupakan hab penting dalam Inisiatif Jalur dan Laluan (BRI) serta pintu masuk strategik ke Asia Tengah. 

Ia turut melengkapi laluan harian sedia ada dari Kunming ke Kuala Lumpur, sekali gus membuka lebih banyak peluang pelancongan dari bandar-bandar utama China ke Malaysia.

Tourism Malaysia dalam satu kenyataan memaklumkan bahawa Malaysia menerima 1.12 juta pelancong dari China antara Januari hingga Mac 2025, peningkatan 36.5 peratus berbanding tempoh sama tahun lalu. 

Peningkatan ini didorong oleh pelanjutan dasar bebas visa bagi pelancong China sehingga Disember 2026 serta peluasan rangkaian penerbangan terus dari negara itu ke Malaysia.

Langkah ini dijangka memberi impak positif kepada industri pelancongan negara serta memperkukuh hubungan rakyat dengan rakyat antara kedua-dua negara.

Sumber: TTR Weekly
Gambar: The New York Times

#BeritaKS",1923654992722001922,0,"{'quote_count': 0, 'retweet_count': 0, 'like_count': 0, 'reply_count': 0, 'view_count': '81'}",berita_ks,4886,375,5,0,3535,Sat May 17 08:21:15 +0000 2025,"Info terkini mengenai isu semasa di Malaysia melalui berita, infografik & video padat! 🇲🇾",1926885933443375279,2025-05-26 06:19:40,https://pbs.twimg.com/profile_images/1973011643752988672/ehtaa_Br_normal.jpg,https://twitter.com/berita_ks/status/1926885933443375279,,positive,China,"The post reports on direct flights from Lanzhou, China, to Kuala Lumpur, strengthening tourism and economic ties under the BRI framework. It reflects a positive sentiment towards China.",happiness,Malaysia,The user description mentioning Malaysia and the use of the Malaysian flag emoji suggest a likely origin in Malaysia.,my,"[2.5, 112.5]",Organization,Focus on providing news and information about Malaysia suggests an organizational account.,https://pbs.twimg.com/media/Gr2siFcWAAA7f6E.jpg
twitter,"Penyiapan projek Laluan Rel Pantai Timur (ECRL) menjelang akhir 2027 di bawah Inisiatif Jalur dan Laluan (BRI) dijangka membuka potensi pembangunan di pantai Timur Semenanjung yang turut menempatkan Taman Perindustrian Kuantan, Pahang.

Selanjutnya:
https://t.co/MIuPr5OYyH https://t.co/XLOVxQElJx",43856742,0,"{'quote_count': 0, 'retweet_count': 0, 'like_count': 0, 'reply_count': 0, 'view_count': '121'}",Bernama_Radio,358932,113524,761,1140,162943,Mon Jun 01 09:07:01 +0000 2009,info@bernamaradio.com.my | Stesen Radio Untuk Anda,1916774637993644498,2025-04-28 08:41:00,https://pbs.twimg.com/profile_images/1640375435933655040/UCopEnMm_normal.jpg,https://twitter.com/Bernama_Radio/status/1916774637993644498,Malaysia,positive,China,"The post discusses the ECRL project under the BRI and its expected economic benefits for Malaysia, showing a positive and optimistic view of China's involvement.",happiness,Malaysia,"The user mentions being from Malaysia in their description, indicating a likely origin in Malaysia.",my,"[2.5, 112.5]",Organization,The account represents a radio station.,https://pbs.twimg.com/media/Gpm85jbaYAAWDMU.jpg
twitter,"Antara tumpuan utama lawatan ini ialah usaha meningkatkan inisiatif utama seperti projek Jalur dan Laluan (BRI), terutamanya pembangunan Laluan Rel Pantai Timur yang menjadi simbol kerjasama jangka panjang Malaysia-China.",1019822032798666752,1,"{'quote_count': 0, 'retweet_count': 0, 'like_count': 0, 'reply_count': 1, 'view_count': '35'}",TerompetWarisan,4113,132,369,259,786,Thu Jul 19 05:51:34 +0000 2018,happy and simple,1912536498576248974,2025-04-16 16:00:11,https://pbs.twimg.com/profile_images/1619168485510356995/aK6F7r8f_normal.jpg,https://twitter.com/TerompetWarisan/status/1912536508973912205,Putrajaya,positive,China,"The post highlights efforts to enhance BRI projects, especially the ECRL, as symbols of long-term Malaysia-China cooperation, reflecting a positive and collaborative sentiment.",happiness,Malaysia,"""Putrajaya"" is the federal administrative center of Malaysia, indicating Malaysian origin.",my,"[2.5, 112.5]",Unknown,The description is vague and personal without clear identification or organizational ties.,
twitter,"4. Malaysia memainkan peranan penting dalam Inisiatif Jalur dan Laluan (BRI) yang dilancarkan China pada tahun 2013, termasuk pelaksanaan projek infrastruktur seperti Laluan Rel Pantai Timur (ECRL). https://t.co/bK2yjJyL5o",115711746,1,"{'quote_count': 0, 'retweet_count': 0, 'like_count': 0, 'reply_count': 1, 'view_count': '36'}",_hazimhalim,2345,74,522,1941,507,Fri Feb 19 17:02:54 +0000 2010,Since 2010.,1912504398724452583,2025-04-16 13:52:49,https://pbs.twimg.com/profile_images/1874626221008728064/Hizm_Huy_normal.jpg,https://twitter.com/_hazimhalim/status/1912504455830085638,43650,positive,China,"The post states Malaysia's important role in China's BRI since 2013, including infrastructure projects like ECRL, showing a positive acknowledgment of China's initiative.",happiness,Unclear,"The location ""43650"" is a postal code but without further context, the country cannot be confidently inferred.",,,Unknown,The account is anonymous with minimal information and no clear personal or organizational identity.,https://pbs.twimg.com/media/GoqUqaxXEAEaOIi.jpg
twitter,"@anwaribrahim 📌Inisiatif Jalur dan laluan tafsir semula ketersambungan bukan sebagai rangkaian jalan dan rel, tetapi sebagai kerangka kerjasama - PM @anwaribrahim",43856742,0,"{'quote_count': 0, 'retweet_count': 0, 'like_count': 0, 'reply_count': 0, 'view_count': '73'}",Bernama_Radio,358932,113524,761,1140,162943,Mon Jun 01 09:07:01 +0000 2009,info@bernamaradio.com.my | Stesen Radio Untuk Anda,1912468406739300864,2025-04-16 11:45:45,https://pbs.twimg.com/profile_images/1640375435933655040/UCopEnMm_normal.jpg,https://twitter.com/Bernama_Radio/status/1912472476568940912,Malaysia,positive,China,"The post quotes the Prime Minister redefining BRI connectivity as a cooperation framework rather than just infrastructure, reflecting a positive and strategic view of China's initiative.",happiness,Malaysia,"The user mentions being from Malaysia in their description, indicating a likely origin in Malaysia.",my,"[2.5, 112.5]",Organization,The account represents a radio station.,
twitter,"#BuletinBernama : Inisiatif Jalur dan Laluan (BRI) akan terus menjadi strategi pembangunan penting bagi memastikan kemampanan dan membawa pembangunan yang aman di rantau China-ASEAN untuk manfaat bersama.

#digitalbernamatv #BRI #ASEAN #china 

https://t.co/teY7gNGUht",196460981,1,"{'quote_count': 0, 'retweet_count': 0, 'like_count': 0, 'reply_count': 1, 'view_count': '631'}",BernamaTV,285451,322902,381,1595,105118,Wed Sep 29 04:24:04 +0000 2010,"Official Twitter for #BernamaTV. Watch BERNAMA on Astro 502, unifi TV 631, myFreeview 121, FB and YouTube Live.",1910749012011229632,2025-04-11 17:37:19,https://pbs.twimg.com/profile_images/1276131924356956161/OIuHJpjr_normal.jpg,https://twitter.com/BernamaTV/status/1910749012011229632,Kuala Lumpur,positive,China,"The post states that BRI will remain a key development strategy ensuring sustainable and peaceful growth in the China-ASEAN region for mutual benefit, showing a positive and hopeful sentiment.",happiness,Malaysia,"The location is Kuala Lumpur, Malaysia.",my,"[2.5, 112.5]",Organization,The username and description indicate an official account for a TV channel.,
twitter,"🇲🇾✨ Hegemoni Amerika 🇺🇸⚠️ memaksa Panama keluar dari Inisiatif Jalur dan Laluan (BRI) China 🇨🇳🚄 adalah satu kesilapan dalam sejarah! 📜❌

Malaysia akan terus mengukuhkan kerjasama dengan China dalam BRI 🌍🤝🚀 sambil mengekalkan hak kedaulatan sendiri dalam membuat keputusan! 💪⚖️

🇲🇾 Malaysia memilih jalan sendiri! Kita bekerjasama dengan China & Amerika secara win-win 🤝✨ tanpa memilih konfrontasi atau berpihak kepada mana-mana kuasa besar! 🏆🌿🔝",19705371,0,"{'quote_count': 0, 'retweet_count': 0, 'like_count': 0, 'reply_count': 0, 'view_count': '10'}",fyhao,11232,203,250,280,926,Thu Jan 29 10:38:48 +0000 2009,AI | Java,1888198609692459477,2025-02-10 12:27:26,https://pbs.twimg.com/profile_images/3654077182/c0bb1676b7c32d5602df61c642ea5c00_normal.png,https://twitter.com/fyhao/status/1888927755364180221,Singapore,positive,China,"The post criticizes US hegemony affecting BRI participation but strongly supports Malaysia's continued cooperation with China in BRI, emphasizing sovereignty and win-win relations. The sentiment towards China is positive and defiant.",anger,Singapore,The location 'Singapore' suggests a likely origin in Singapore.,sg,"[1.367, 103.8]",Individual,Personal account with interests in AI and Java.,
twitter,"Melalui Inisiatif Jalur dan Laluan (BRI), Malaysia dan China telah memupuk kerjasama yang lebih mendalam dalam pembangunan infrastruktur, perdagangan dan pelaburan.",1556645099047886848,1,"{'quote_count': 0, 'retweet_count': 0, 'like_count': 0, 'reply_count': 1, 'view_count': '9'}",CeritaPenang,6312,39,81,6,906,Mon Aug 08 14:15:27 +0000 2022,,1864899917539610838,2024-12-06 05:09:24,https://pbs.twimg.com/profile_images/1556841953689731072/Lq_9zUVh_normal.jpg,https://twitter.com/CeritaPenang/status/1864899925135475126,"Bandar Kuala Lumpur, Wilayah P",positive,China,"The post states that through BRI, Malaysia and China have deepened cooperation in infrastructure, trade, and investment, reflecting a positive and collaborative sentiment.",happiness,Malaysia,"""Bandar Kuala Lumpur, Wilayah P"" refers to Kuala Lumpur, the capital of Malaysia.",my,"[2.5, 112.5]",Unknown,The account name suggests a location-based theme but lacks description or clear identity.,
twitter,"Melalui Inisiatif Jalur dan Laluan (BRI), Malaysia dan China telah memupuk kerjasama yang lebih mendalam dalam pembangunan infrastruktur, perdagangan dan pelaburan.",1566612435254984704,5,"{'quote_count': 2, 'retweet_count': 0, 'like_count': 0, 'reply_count': 3, 'view_count': '26'}",AirJernih19,5181,151,555,353,974,Mon Sep 05 02:21:38 +0000 2022,,1864243767676686465,2024-12-04 09:42:06,https://pbs.twimg.com/profile_images/1615237788345184260/fG-Mmo___normal.jpg,https://twitter.com/AirJernih19/status/1864243775356465486,Cheras,positive,China,"Same as post 49, positive mention of Malaysia-China cooperation through BRI in infrastructure, trade, and investment.",happiness,Malaysia,"""Cheras"" is a well-known suburb in Kuala Lumpur, Malaysia.",my,"[2.5, 112.5]",Unknown,Lack of any identifiable information or description.,
twitter,"Tengku Zafrul Tandatangani Perjanjian Kerjasama Inisiatif Jalur dan Laluan (BRI) Bersama China
https://t.co/eDyIiDeZ1S",105835081,0,"{'quote_count': 0, 'retweet_count': 0, 'like_count': 0, 'reply_count': 0, 'view_count': '228'}",umnoonline,121313,169300,909,2212,11141,Sun Jan 17 17:06:32 +0000 2010,"Akaun Rasmi UMNO Dikendali Oleh Bahagian Media, Ibu Pejabat #UMNOMalaysia +603 4042 9511 8.30am-5.30pm Isnin-Jumaat  #UMNOBangkit #UMNOTerusBangkit #UMNO78",1854007702089085312,2024-11-06 03:47:36,https://pbs.twimg.com/profile_images/1103929903894814720/VJvL0qF7_normal.png,https://twitter.com/umnoonline/status/1854007702089085312,Malaysia,positive,China,"The post reports on a Malaysian official signing a cooperation agreement with China under BRI, indicating positive diplomatic and economic relations.",happiness,Malaysia,"The username ""umnoonline"" and description referencing UMNO, a major Malaysian political party, confirm Malaysia.",my,"[2.5, 112.5]",Organization,"Official account of UMNO, a political party, managed by their media division.",
twitter,"#ICYMI PM @anwaribrahim dan rakan sejawatnya dari China, Li Qiang menyaksikan pertukaran dokumen antara Malaysia dan China berkaitan Pelan Kerjasama Inisiatif Jalur dan Laluan (BRI).

https://t.co/FlTBeQzc10 https://t.co/hKxE0oz8AH",43856742,0,"{'quote_count': 0, 'retweet_count': 0, 'like_count': 0, 'reply_count': 0, 'view_count': '106'}",Bernama_Radio,358932,113524,761,1140,162943,Mon Jun 01 09:07:01 +0000 2009,info@bernamaradio.com.my | Stesen Radio Untuk Anda,1853984397248049375,2024-11-06 02:15:00,https://pbs.twimg.com/profile_images/1640375435933655040/UCopEnMm_normal.jpg,https://twitter.com/Bernama_Radio/status/1853984397248049375,Malaysia,positive,China,"The post mentions Malaysia's Prime Minister and China's Li Qiang witnessing document exchange on BRI cooperation, reflecting positive diplomatic engagement.",happiness,Malaysia,"The user mentions being from Malaysia in their description, indicating a likely origin in Malaysia.",my,"[2.5, 112.5]",Organization,The account represents a radio station.,https://pbs.twimg.com/media/GbqPFL7bYAA64-6.jpg
twitter,CIIE merupakan inisiatif Kerajaan China yang menyediakan satu platform bagi negara-negara yang terlibat dalam Inisiatif Jalur dan Laluan bagi mempromosi dan mengeksport barangan dan perkhidmatan ke China.,1566612435254984704,0,"{'quote_count': 0, 'retweet_count': 0, 'like_count': 0, 'reply_count': 0, 'view_count': '27'}",AirJernih19,5181,151,555,353,974,Mon Sep 05 02:21:38 +0000 2022,,1853361212962246735,2024-11-04 08:58:45,https://pbs.twimg.com/profile_images/1615237788345184260/fG-Mmo___normal.jpg,https://twitter.com/AirJernih19/status/1853361229668274279,Cheras,positive,China,"The post explains that CIIE is a Chinese government initiative providing a platform for BRI countries to promote exports to China, showing a positive framing of China's role.",happiness,Malaysia,"""Cheras"" is a well-known suburb in Kuala Lumpur, Malaysia.",my,"[2.5, 112.5]",Unknown,Lack of any identifiable information or description.,
twitter,"Dalam pertemuan antara rombongan dari wilayah Shenzhen dengan Jawatankuasa Hal Ehwal China dan Insiatif Jalur dan Laluan MCA, kedua-dua pihak telah membincangkan peluang kerjasama yang baharu.

#MalaysiaChina #ekonomi #perniagaan #perusahaan #MajuJohor #ZonEkonomiKhas https://t.co/QDmDZXDchW",198736746,0,"{'quote_count': 0, 'retweet_count': 0, 'like_count': 0, 'reply_count': 0, 'view_count': '91'}",MCAHQ,40339,9789,574,24595,13481,Tue Oct 05 03:03:44 +0000 2010,The official X account of Malaysian Chinese Association (MCA),1833709714519249190,2024-09-11 03:30:39,https://pbs.twimg.com/profile_images/1995129064529735680/RMuF8cWM_normal.jpg,https://twitter.com/MCAHQ/status/1833709714519249190,Malaysia,positive,China,"The post describes a meeting between Malaysian and Chinese representatives discussing new cooperation opportunities under BRI, reflecting positive and constructive relations.",happiness,Malaysia,The user's username and description indicate an affiliation with the Malaysian Chinese Association.,my,"[2.5, 112.5]",Organization,"The user description ""The official Twitter account of Malaysian Chinese Association (MCA)"" suggests that this account represents a political organization.",https://pbs.twimg.com/media/GXKk-BtbcAAtHA-.jpg
twitter,"Inisiatif Jalur dan Laluan (BRI) akan terus memacu pembangunan sosioekonomi Malaysia dan mengekalkan kerjasama saling menguntungkan antara Malaysia dan China - Menteri Pengangkutan Loke Siew Fook

https://t.co/anhiIT5hwz",196460981,0,"{'quote_count': 0, 'retweet_count': 0, 'like_count': 0, 'reply_count': 0, 'view_count': '413'}",BernamaTV,285451,322902,381,1595,105118,Wed Sep 29 04:24:04 +0000 2010,"Official Twitter for #BernamaTV. Watch BERNAMA on Astro 502, unifi TV 631, myFreeview 121, FB and YouTube Live.",1722873811442561151,2023-11-10 07:08:20,https://pbs.twimg.com/profile_images/1276131924356956161/OIuHJpjr_normal.jpg,https://twitter.com/BernamaTV/status/1722873811442561151,Kuala Lumpur,positive,China,"The post quotes Malaysia's Transport Minister saying BRI will continue to drive Malaysia's socioeconomic development and maintain mutually beneficial cooperation with China, showing positive sentiment.",happiness,Malaysia,"The location is Kuala Lumpur, Malaysia.",my,"[2.5, 112.5]",Organization,The username and description indicate an official account for a TV channel.,
twitter,Inisiatif Jalur Dan Laluan Pacu Pembangunan Malaysia - Menteri Pengangkutan https://t.co/Apr3K4Ufma #getaranmy,1344568791229894659,0,"{'quote_count': 0, 'retweet_count': 0, 'like_count': 0, 'reply_count': 0, 'view_count': '61'}",getaranmy,50185,2830,319,150,3183,Thu Dec 31 08:59:30 +0000 2020,Yang trending dan terkini hanya di #GetaranMY Kongsi info dengan kami di 📩 : editorgetaran@petragroup.net,1722842539533955439,2023-11-10 05:04:04,https://pbs.twimg.com/profile_images/1353655022370893824/5s6DoGrC_normal.jpg,https://twitter.com/getaranmy/status/1722842539533955439,Malaysia,positive,China,"The post highlights the BRI as a driver of Malaysia's development, quoting the Transport Minister, reflecting a positive view of China's initiative.",happiness,Malaysia,The hashtag #GetaranMY and Malay language indicate Malaysia.,my,"[2.5, 112.5]",Media,Described as a trending news source with editorial contact information.,
twitter,Malaysia komited memastikan projek infrastruktur di bawah Inisiatif Jalur dan Laluan (BRI) akan memberi faedah optimum kepada negara dan mampu menjadi pemangkin ekonomi untuk jangka panjang. https://t.co/FokF1lN4lI,1387909933383913478,0,"{'quote_count': 0, 'retweet_count': 0, 'like_count': 0, 'reply_count': 0, 'view_count': '15'}",NajwaAlisya6,1269,179,300,7,1222,Thu Apr 29 23:21:35 +0000 2021,,1715564318509425015,2023-10-21 03:03:01,https://pbs.twimg.com/profile_images/1408989389716221963/Zyxhmf1K_normal.jpg,https://twitter.com/NajwaAlisya6/status/1715564318509425015,,positive,China,"The post states Malaysia's commitment to ensuring BRI infrastructure projects provide optimal benefits and act as an economic catalyst, showing positive sentiment towards China.",happiness,Malaysia,The username and context among other Malaysian accounts suggest Malaysia.,my,"[2.5, 112.5]",Individual,No description but username and lack of organizational clues suggest a personal account.,https://pbs.twimg.com/media/F87op9sWQAAHs5H.jpg
twitter,Malaysia komited memastikan projek infrastruktur di bawah Inisiatif Jalur dan Laluan (BRI) akan memberi faedah optimum kepada negara dan mampu menjadi pemangkin ekonomi untuk jangka panjang. https://t.co/EhPNyMoRYX,1445716074767392773,0,"{'quote_count': 0, 'retweet_count': 0, 'like_count': 0, 'reply_count': 0, 'view_count': '2'}",RasyidahKamalia,1275,192,216,1,1220,Wed Oct 06 11:42:36 +0000 2021,Hi Stalker!are u okey??,1715564317909659754,2023-10-21 03:03:01,https://pbs.twimg.com/profile_images/1445716250110279686/8q1FOGHD_normal.jpg,https://twitter.com/RasyidahKamalia/status/1715564317909659754,,positive,China,"Same as post 57, positive sentiment emphasizing Malaysia's commitment to benefiting from BRI projects with China.",happiness,Malaysia,The username and context among other Malaysian accounts suggest Malaysia.,my,"[2.5, 112.5]",Individual,Casual greeting and personal tone indicate an individual user.,https://pbs.twimg.com/media/F87op9lXkAAvUbd.jpg
twitter,Malaysia komited memastikan projek infrastruktur di bawah Inisiatif Jalur dan Laluan (BRI) akan memberi faedah optimum kepada negara dan mampu menjadi pemangkin ekonomi untuk jangka panjang. https://t.co/UADN5i2hpU,1405224258507186177,0,"{'quote_count': 0, 'retweet_count': 0, 'like_count': 0, 'reply_count': 0, 'view_count': '2'}",AzureenFarrah,1268,191,360,9,1220,Wed Jun 16 18:02:46 +0000 2021,"💝1992\shah alam💖
🧕Reen/multimedia💻
suka🛌🏊✈️🥰",1715564314210320841,2023-10-21 03:03:00,https://pbs.twimg.com/profile_images/1442343940871442432/wvPK_-HH_normal.jpg,https://twitter.com/AzureenFarrah/status/1715564314210320841,,positive,China,"Same as post 57 and 58, positive sentiment about Malaysia's commitment to BRI infrastructure projects benefiting the country.",happiness,Malaysia,"The mention of ""shah alam"" (a city in Malaysia) and Malay language indicate Malaysia.",my,"[2.5, 112.5]",Individual,Personal details and emojis suggest a personal account.,https://pbs.twimg.com/media/F87optbWkAAwmMb.jpg
twitter,Malaysia komited memastikan projek infrastruktur di bawah Inisiatif Jalur dan Laluan (BRI) akan memberi faedah optimum kepada negara dan mampu menjadi pemangkin ekonomi untuk jangka panjang. https://t.co/enoIFMeBfx,1451043390678732801,0,"{'quote_count': 0, 'retweet_count': 0, 'like_count': 0, 'reply_count': 0, 'view_count': '1'}",RaizSuzana,1290,79,405,0,1243,Thu Oct 21 04:31:39 +0000 2021,%Yang Terkini%,1715564313203646833,2023-10-21 03:03:00,https://pbs.twimg.com/profile_images/1451043797463298052/mCMsv4p__normal.jpg,https://twitter.com/RaizSuzana/status/1715564313203646833,,positive,China,"The post explicitly mentions Malaysia's commitment to infrastructure projects under the Belt and Road Initiative (BRI), which is a China-led initiative. The tone is positive, highlighting benefits and economic catalyst potential, reflecting a positive sentiment towards China and its BRI.",happiness,Malaysia,"The Malay phrase ""%Yang Terkini%"" suggests Malaysia.",my,"[2.5, 112.5]",Unknown,"Very vague description (""%Yang Terkini%"") with no clear identity or affiliation.",https://pbs.twimg.com/media/F87opsCWYAAJ3rt.jpg
twitter,Malaysia komited memastikan projek infrastruktur di bawah Inisiatif Jalur dan Laluan (BRI) akan memberi faedah optimum kepada negara dan mampu menjadi pemangkin ekonomi untuk jangka panjang. https://t.co/kkcSy6Kxwt,1451794067214327808,0,"{'quote_count': 0, 'retweet_count': 0, 'like_count': 0, 'reply_count': 0, 'view_count': '5'}",MardhiahSarah,1286,36,329,1,1239,Sat Oct 23 06:14:20 +0000 2021,هنا حيث نتواصل مع الاحبه لنرسل لهم ما شئنا ان نبوح به دون تردد قد يكون؛ شكر عرفان تقدير حب عتاب الخ فقط اكتبوا رسائلكم بأحرف النبض وحبر الود,1715564309743272409,2023-10-21 03:02:59,https://pbs.twimg.com/profile_images/1451794837418643460/PZiWaGdw_normal.jpg,https://twitter.com/MardhiahSarah/status/1715564309743272409,,positive,China,"The post repeats the same text as post 60, mentioning Malaysia's commitment to BRI infrastructure projects. It reflects a positive sentiment towards China by emphasizing benefits and economic growth potential.",happiness,Possibly Malaysia,"The Arabic text is common in Malaysia among Muslim users, and surrounding accounts are Malaysian.",,,Individual,Personal and emotional content in Arabic suggests a personal account.,https://pbs.twimg.com/media/F87opbcXIAA_a4s.jpg
twitter,Malaysia komited memastikan projek infrastruktur di bawah Inisiatif Jalur dan Laluan (BRI) akan memberi faedah optimum kepada negara dan mampu menjadi pemangkin ekonomi untuk jangka panjang. https://t.co/Dm76edUXS8,1387902723597606912,0,"{'quote_count': 0, 'retweet_count': 0, 'like_count': 0, 'reply_count': 0, 'view_count': '3'}",Azlanyusuf9,1306,61,177,4661,1225,Thu Apr 29 22:52:59 +0000 2021,Hidup biar simple,1715564308317258143,2023-10-21 03:02:59,https://pbs.twimg.com/profile_images/1632593201365413888/6COiq_h7_normal.jpg,https://twitter.com/Azlanyusuf9/status/1715564308317258143,,positive,China,"The post repeats the same text as post 60, mentioning Malaysia's commitment to BRI infrastructure projects. It reflects a positive sentiment towards China by emphasizing benefits and economic growth potential.",happiness,Malaysia,"The Malay phrase ""Hidup biar simple"" suggests Malaysia.",my,"[2.5, 112.5]",Individual,"Personal motto ""Hidup biar simple"" indicates an individual user.",https://pbs.twimg.com/media/F87opaZXQAAkxJ8.jpg
twitter,"Sejauhmana kejayaan, komitmen dan saranan negara ahli untuk memperkasa kerjasama BRI sejak sedekad lalu? Ikuti diskusi dan analisis sempena Forum Kerjasama Antarabangsa Jalur dan Laluan (BRF) ke-3 yang telah diadakan di Beijing baru-baru ini.

#AWANInews https://t.co/5k4nVNliAW",497665754,0,"{'quote_count': 0, 'retweet_count': 0, 'like_count': 0, 'reply_count': 0, 'view_count': '9461'}",501Awani,619849,3832821,361,1588,196084,Mon Feb 20 07:13:13 +0000 2012,Jenama berita paling dipercayai di Malaysia.  Astro AWANI Network Sdn. Bhd. 200001032668(535275-D),1715539257815880100,2023-10-21 01:23:26,https://pbs.twimg.com/profile_images/2035151392634195968/NlH8gTbv_normal.jpg,https://twitter.com/501Awani/status/1715539257815880100,Malaysia,neutral,China,"The post mentions the Forum on Belt and Road Cooperation (BRF) held in Beijing, discussing the success and cooperation under BRI. The tone is neutral to positive, focusing on collaboration and analysis, reflecting a neutral to positive sentiment towards China.",neutral,Malaysia,"The user is located in Malaysia and is part of a trusted news brand in the country, indicating a Malaysian origin.",my,"[2.5, 112.5]",Organization,The username and description suggest that this account belongs to a news organization in Malaysia.,https://pbs.twimg.com/media/F87R2sqasAAhywu.jpg
twitter,"#BuletinBernama : Malaysia komited memastikan projek infrastruktur di bawah Inisiatif Jalur dan Laluan (BRI) akan memberi faedah optimum kepada negara dan menjadi pemangkin ekonomi untuk jangka panjang.
https://t.co/yabeqO1asH",196460981,0,"{'quote_count': 0, 'retweet_count': 0, 'like_count': 0, 'reply_count': 0, 'view_count': '400'}",BernamaTV,285451,322902,381,1595,105118,Wed Sep 29 04:24:04 +0000 2010,"Official Twitter for #BernamaTV. Watch BERNAMA on Astro 502, unifi TV 631, myFreeview 121, FB and YouTube Live.",1715183226615153007,2023-10-20 01:48:42,https://pbs.twimg.com/profile_images/1276131924356956161/OIuHJpjr_normal.jpg,https://twitter.com/BernamaTV/status/1715183226615153007,Kuala Lumpur,positive,China,"The post repeats the same positive message about Malaysia's commitment to BRI infrastructure projects, highlighting benefits and economic catalyst potential, reflecting a positive sentiment towards China.",happiness,Malaysia,"The location is Kuala Lumpur, Malaysia.",my,"[2.5, 112.5]",Organization,The username and description indicate an official account for a TV channel.,
twitter,"#DariBilikBerita: Malaysia komited memastikan projek infrastruktur di bawah Inisiatif Jalur dan Laluan (BRI) akan memberi faedah optimum kepada negara dan menjadi pemangkin ekonomi untuk jangka panjang.
https://t.co/9dwzB1ZuvO",196460981,0,"{'quote_count': 0, 'retweet_count': 0, 'like_count': 0, 'reply_count': 0, 'view_count': '361'}",BernamaTV,285451,322902,381,1595,105118,Wed Sep 29 04:24:04 +0000 2010,"Official Twitter for #BernamaTV. Watch BERNAMA on Astro 502, unifi TV 631, myFreeview 121, FB and YouTube Live.",1714848539015270659,2023-10-19 03:38:46,https://pbs.twimg.com/profile_images/1276131924356956161/OIuHJpjr_normal.jpg,https://twitter.com/BernamaTV/status/1714848539015270659,Kuala Lumpur,positive,China,"The post repeats the same positive message about Malaysia's commitment to BRI infrastructure projects, highlighting benefits and economic catalyst potential, reflecting a positive sentiment towards China.",happiness,Malaysia,"The location is Kuala Lumpur, Malaysia.",my,"[2.5, 112.5]",Organization,The username and description indicate an official account for a TV channel.,
twitter,"Malaysia komited memastikan projek infrastruktur di bawah Inisiatif Jalur dan Laluan (BRI) akan memberi faedah optimum kepada negara dan mampu menjadi pemangkin ekonomi untuk jangka panjang.

https://t.co/MVJoEjmWsa",196460981,0,"{'quote_count': 0, 'retweet_count': 0, 'like_count': 0, 'reply_count': 0, 'view_count': '588'}",BernamaTV,285451,322902,381,1595,105118,Wed Sep 29 04:24:04 +0000 2010,"Official Twitter for #BernamaTV. Watch BERNAMA on Astro 502, unifi TV 631, myFreeview 121, FB and YouTube Live.",1714803351932780693,2023-10-19 00:39:13,https://pbs.twimg.com/profile_images/1276131924356956161/OIuHJpjr_normal.jpg,https://twitter.com/BernamaTV/status/1714803351932780693,Kuala Lumpur,positive,China,"The post repeats the same positive message about Malaysia's commitment to BRI infrastructure projects, highlighting benefits and economic catalyst potential, reflecting a positive sentiment towards China.",happiness,Malaysia,"The location is Kuala Lumpur, Malaysia.",my,"[2.5, 112.5]",Organization,The username and description indicate an official account for a TV channel.,
twitter,"Ekonomi digital perlu menjadi instrumen utama dalam mencapai Inisiatif Jalur dan Laluan China serta merangsang aktiviti industri
#BernamaBiz 
 https://t.co/BTVraQdeBy",1669645679818608640,0,"{'quote_count': 0, 'retweet_count': 0, 'like_count': 0, 'reply_count': 0, 'view_count': '12'}",BernamaBiz,41048,1791,144,176,19903,Fri Jun 16 09:59:38 +0000 2023,Business and Finance news from Bernama,1698622224058781962,2023-09-04 09:01:11,https://pbs.twimg.com/profile_images/1719669264062562304/COX8e-y6_normal.jpg,https://twitter.com/BernamaBiz/status/1698622224058781962,Kuala Lumpur,neutral,China,"The post mentions the digital economy as a key instrument to achieve China's Belt and Road Initiative and stimulate industry. The tone is neutral to positive, recognizing China's role in economic development.",neutral,Malaysia,The location is Kuala Lumpur.,my,"[2.5, 112.5]",Organization,The account represents a news outlet providing business and finance news.,
twitter,"China bersedia bekerjasama dengan Pakistan ke arah mengangkat Koridor Ekonomi China-Pakistan (CPEC) sebagai projek contoh pembinaan bersama Inisiatif Jalur dan Laluan (BRI) secara berkualiti tinggi.

https://t.co/8DP0xMY8Vd",777008110271549440,0,"{'quote_count': 0, 'retweet_count': 0, 'like_count': 0, 'reply_count': 0, 'view_count': '37'}",evolusibina,7345,1100,104,425,3020,Sat Sep 17 04:55:44 +0000 2016,"Official Twitter of EvolusiBina.  Construction, architecture & civil engineering related news & stuffs. #evolusibina #Malaysia",1686934925172412417,2023-08-03 03:00:02,https://pbs.twimg.com/profile_images/777009354071351296/0q7XU2m1_normal.jpg,https://twitter.com/evolusibina/status/1686934925172412417,"Putrajaya, Malaysia",positive,China,"The post states that China is ready to cooperate with Pakistan to elevate the China-Pakistan Economic Corridor (CPEC) as a high-quality joint construction project under BRI. The tone is positive, emphasizing cooperation and quality, reflecting a positive sentiment towards China.",happiness,Malaysia,"Location explicitly stated as Putrajaya, Malaysia.",my,"[2.5, 112.5]",Organization,"Official account of EvolusiBina, a company in construction and engineering.",
twitter,Singapura hargai Inisiatif Jalur dan Laluan tajaan China https://t.co/UDWeGM9g6z,1605835650779041793,0,"{'quote_count': 0, 'retweet_count': 0, 'like_count': 0, 'reply_count': 0, 'view_count': '5'}",BeritaBaik_BBN,31365,19,20,0,89,Thu Dec 22 08:00:47 +0000 2022,Berita Baik Membawa Suara Malaysia,1641392619992260609,2023-03-30 10:51:10,https://pbs.twimg.com/profile_images/1605837264294141959/NoOl__OA_normal.jpg,https://twitter.com/BeritaBaik_BBN/status/1641392619992260609,,positive,China,"The post mentions Singapore appreciating the China-sponsored Belt and Road Initiative. The tone is positive, reflecting appreciation and favorable sentiment towards China.",happiness,Malaysia,"The phrase ""Membawa Suara Malaysia"" clearly indicates Malaysia.",my,"[2.5, 112.5]",Media,"Described as a news source ""Berita Baik Membawa Suara Malaysia"" indicating media function.",
twitter,Biden umum dana RM880 bilion saingi inisiatif Jalur dan Laluan https://t.co/psRYU0fYhh,1316217374106763266,0,"{'quote_count': 0, 'retweet_count': 0, 'like_count': 0, 'reply_count': 0, 'view_count': 0}",Media_Mulia,45754,110,36,1,48,Wed Oct 14 03:21:11 +0000 2020,"Media Mulia Sdn Bhd is the publisher and permit holders of Utusan Malaysia, Mingguan Malaysia, Kosmo! and Kosmo Ahad!",1541604843231526913,2022-06-28 02:10:10,https://pbs.twimg.com/profile_images/1316217584715362306/qAdvOm-2_normal.jpg,https://twitter.com/Media_Mulia/status/1541604843231526913,Kuala Lumpur,neutral,China,The post mentions Biden announcing a fund to compete with the Belt and Road Initiative. This implies a competitive stance towards China's initiative but does not express direct sentiment towards China itself. The tone is neutral with a hint of rivalry.,neutral,Malaysia,"Kuala Lumpur location and mention of Utusan Malaysia, a Malaysian newspaper.",my,"[2.5, 112.5]",Organization,"Media Mulia Sdn Bhd is a publishing company, clearly an organizational account.",
twitter,"Inisiatif Jalur dan La­­luan (BRI) diasaskan Chi­na dengan pe­lak­sanaan pelbagai projek pem­bangunan, menyebabkan nega­ra-negara miskin dibebani hu­tang https://t.co/CZj1hCZh2l",1330719018613833728,0,"{'quote_count': 0, 'retweet_count': 0, 'like_count': 0, 'reply_count': 0, 'view_count': 0}",DailyGemilang,12490,585,40,0,0,Mon Nov 23 03:45:22 +0000 2020,Infotaimen perkongsian dari pelbagai sumber,1444094544832708612,2021-10-02 00:19:04,https://pbs.twimg.com/profile_images/1330719139640446976/AoumUsE__normal.jpg,https://twitter.com/DailyGemilang/status/1444094544832708612,,negative,China,"The post states that the BRI, founded by China, has caused poor countries to be burdened with debt. The tone is negative, highlighting adverse consequences of China's initiative, reflecting a negative sentiment towards China.",anger,Malaysia,Malay language description suggests Malaysia.,my,"[2.5, 112.5]",Unknown,"Described as infotainment sharing from various sources, no clear identity.",
twitter,"Inisiatif Jalur dan La­­luan (BRI) diasaskan Chi­na dengan pe­lak­sanaan pelbagai projek pem­bangunan, menyebabkan nega­ra-negara miskin dibebani hu­tang https://t.co/AUZOVClFtC",944062729010135040,0,"{'quote_count': 0, 'retweet_count': 0, 'like_count': 0, 'reply_count': 0, 'view_count': 0}",santai_tv,59156,138,98,0,48,Fri Dec 22 04:31:09 +0000 2017,,1444094542752276484,2021-10-02 00:19:03,https://pbs.twimg.com/profile_images/944067999530590208/68miN8la_normal.jpg,https://twitter.com/santai_tv/status/1444094542752276484,,negative,China,"The post repeats the negative message that BRI, founded by China, causes poor countries to be burdened with debt. The tone is negative, reflecting criticism and negative sentiment towards China.",anger,Malaysia,Context among other Malaysian accounts suggests Malaysia.,my,"[2.5, 112.5]",Unknown,No description or identifying information.,
twitter,Hishamuddin sertai Persidangan Secara Maya Peringkat Tinggi Asia dan Pasifik mengenai Kerjasama Inisiatif Jalur dan Laluan (BRI) https://t.co/VuiISEVH3X,1036176763628400640,0,"{'quote_count': 0, 'retweet_count': 0, 'like_count': 0, 'reply_count': 0, 'view_count': 0}",lifenewscomx,12615,341,836,4350,1396,Sun Sep 02 08:59:26 +0000 2018,"Life News Agency  is an independent media outlet dedicated in delivering unbiased, fact-based reporting. LNA HQ.",1407613901240344582,2021-06-23 08:18:00,https://pbs.twimg.com/profile_images/1689443380860801024/nXjTCgfv_normal.jpg,https://twitter.com/lifenewscomx/status/1407613901240344582,"Bandar Kuala Lumpur, Wilayah P",neutral,China,"The post mentions Hishamuddin joining a virtual high-level Asia-Pacific conference on BRI cooperation. The tone is neutral, focusing on participation and cooperation, reflecting a neutral sentiment towards China.",neutral,Malaysia,"Location ""Bandar Kuala Lumpur"" and English description with LNA HQ likely in Malaysia.",my,"[2.5, 112.5]",Media,"Life News Agency is an independent media outlet, clearly media.",
twitter,"Malaysia akan mengetengahkan mengenai  kepentingan mencapai keseimbangan dalam kesihatan awam serta menangani cabaran COVID-19 di bawah kerangka Inisiatif Jalur dan Laluan (BRI). 

#MenangBersama #LindungDiriLindungSemua 

https://t.co/ZWegvQxQ9c https://t.co/sYe0zcD0FJ",43856742,0,"{'quote_count': 0, 'retweet_count': 0, 'like_count': 0, 'reply_count': 0, 'view_count': 0}",Bernama_Radio,358932,113524,761,1140,162943,Mon Jun 01 09:07:01 +0000 2009,info@bernamaradio.com.my | Stesen Radio Untuk Anda,1407537418610249728,2021-06-23 03:14:06,https://pbs.twimg.com/profile_images/1640375435933655040/UCopEnMm_normal.jpg,https://twitter.com/Bernama_Radio/status/1407537418610249728,Malaysia,neutral,China,"The post mentions Malaysia highlighting the importance of balancing public health and addressing COVID-19 challenges under the BRI framework. The tone is neutral to positive, reflecting constructive cooperation with China.",neutral,Malaysia,"The user mentions being from Malaysia in their description, indicating a likely origin in Malaysia.",my,"[2.5, 112.5]",Organization,The account represents a radio station.,https://pbs.twimg.com/media/E4iRpVtVkAgktEY.png
twitter,Penggantian kerajaan Pakatan Harapan (PH) memulihkan sedikit keseimbangan dalam hubungan kedua-dua negara. PH berjaya merunding semula dengan China atas projek infrastruktur pelaburan China di bawah Inisiatif Jalur dan Laluan (bersambung di bawah),4352410032,1,"{'quote_count': 0, 'retweet_count': 0, 'like_count': 0, 'reply_count': 1, 'view_count': 0}",IMMikhailHafiz,47152,6892,1341,179653,2027,Wed Nov 25 05:15:18 +0000 2015,"To those who believe and do deeds of righteousness hath Allah promised forgiveness and a great reward. (Al-Ma'idah 5:9) | Author, #RediscoveringMalaysia series",1402874426572476417,2021-06-10 06:31:14,https://pbs.twimg.com/profile_images/669532971821469696/Y7OCIAAj_normal.jpg,https://twitter.com/IMMikhailHafiz/status/1402875987197452290,Malaysia,positive,China,"The post states that the Pakatan Harapan government restored some balance in bilateral relations and successfully renegotiated infrastructure projects under China's BRI. The tone is cautiously positive, indicating improved relations and negotiation success, reflecting a positive sentiment towards China.",happiness,Malaysia,"The username and reference to ""#RediscoveringMalaysia"" series confirm Malaysia.",my,"[2.5, 112.5]",Individual,The user's personal interests and details suggest an individual account.,
twitter,"Kerajaan perlu membuka semula pintunya kepada pelancong perniagaan dari rakan dagang serantau secara berperingkat, terutamanya ASEAN, China dan negara-negara Jalur dan Laluan dengan syarat keselamatan tertentu, sejajar dengan usahanya untuk membuka lebih banyak sektor ekonomi. https://t.co/0fuqox9tpV",1169933555104768005,0,"{'quote_count': 0, 'retweet_count': 0, 'like_count': 0, 'reply_count': 0, 'view_count': 0}",media_tin,5556,180,355,179,5111,Fri Sep 06 11:21:20 +0000 2019,Malaysia's First Independent Travel Trade Media,1269931490126618624,2020-06-08 09:57:16,https://pbs.twimg.com/profile_images/1929389533986217984/EmE2yrjJ_normal.jpg,https://twitter.com/media_tin/status/1269931490126618624,Malaysia,positive,China,"The post calls for reopening business travel gradually, especially with ASEAN, China, and BRI countries, under safety conditions. The tone is positive and pragmatic, reflecting a favorable view of China as a trade partner.",happiness,Malaysia,"Description states ""Malaysia's First Independent Travel Trade Media.""",my,"[2.5, 112.5]",Media,Described as Malaysia’s first independent travel trade media.,https://pbs.twimg.com/media/EZ-z8yfVAAAjXTn.jpg
twitter,Gesaan ersatuan Jalur dan Laluan Malaysia #malaysiagazette https://t.co/HujjhP6kn1,1212541774406668289,0,"{'quote_count': 0, 'retweet_count': 0, 'like_count': 0, 'reply_count': 0, 'view_count': 0}",msiagazette,13482,543,82,0,9314,Thu Jan 02 01:11:13 +0000 2020,"Malaysia Mind Sprouting News Portal

https://t.co/s32BGRfzTM",1269547616943198208,2020-06-07 08:31:53,https://pbs.twimg.com/profile_images/1212541897836654592/4rfKFUvX_normal.png,https://twitter.com/msiagazette/status/1269547616943198208,Kuala Lumpur,irrelevant,China,No explicit mention or implication of China in the text.,irrelevant,Malaysia,Location Kuala Lumpur and Malay language description confirm Malaysia.,my,"[2.5, 112.5]",Media,"Described as a news portal, indicating media type.",
twitter,"Persatuan Jalur dan Laluan Malaysia berkata, kemasukan pelancong perniagaan yang memenuhi syarat keselamatan boleh menjana semula perdagangan dan pelaburan asing. #FMTNews #Pelancong #ZonHijau   https://t.co/enwgwlgtHK",102098902,1,"{'quote_count': 0, 'retweet_count': 1, 'like_count': 0, 'reply_count': 0, 'view_count': 0}",fmtoday,599366,640507,2,0,48269,Tue Jan 05 16:17:15 +0000 2010,Free and Independent 🇲🇾 FMT Media Sdn Bhd (1235453-U),1269482453166518272,2020-06-07 04:12:57,https://pbs.twimg.com/profile_images/1344518861350084611/WvU7Ou9Q_normal.jpg,https://twitter.com/fmtoday/status/1269482453166518272,Malaysia,positive,China,"The post mentions the Malaysian Belt and Road Association stating that business travelers meeting safety requirements can revive trade and foreign investment. China is implied as part of BRI countries. The tone is positive, reflecting optimism about cooperation with China.",happiness,Malaysia,The location is explicitly mentioned as Malaysia.,my,"[2.5, 112.5]",Media,"The account represents Free Malaysia Today, an independent news outlet in Malaysia.",
twitter,"Inisiatif yang juga dikenali sebagai Laluan Sutera Baharu itu merangkumi pelbagai projek kerjasama perdagangan dan infrastruktur antara China dengan lebih 150 negara di seluruh dunia.

#AWANInews #AWANI745

https://t.co/pO6I3tUBaN",497665754,0,"{'quote_count': 0, 'retweet_count': 0, 'like_count': 0, 'reply_count': 0, 'view_count': '2532'}",501Awani,619849,3832821,361,1588,196084,Mon Feb 20 07:13:13 +0000 2012,Jenama berita paling dipercayai di Malaysia.  Astro AWANI Network Sdn. Bhd. 200001032668(535275-D),1887751126755516676,2025-02-07 06:31:55,https://pbs.twimg.com/profile_images/2035151392634195968/NlH8gTbv_normal.jpg,https://twitter.com/501Awani/status/1887751126755516676,Malaysia,neutral,China,"The post describes the New Silk Road initiative (BRI) involving trade and infrastructure projects between China and over 150 countries. The tone is neutral, informative, and factual, reflecting a neutral sentiment towards China.",neutral,Malaysia,"The user is located in Malaysia and is part of a trusted news brand in the country, indicating a Malaysian origin.",my,"[2.5, 112.5]",Organization,The username and description suggest that this account belongs to a news organization in Malaysia.,
